0,R,31
1,W,399
2,W,375
3,R,428
4,W,136
5,R,130
6,W,345
7,W,140
8,R,165
9,R,316
10,R,97
11,R,396
12,R,50
13,W,373
14,R,456
15,W,301
16,R,106
17,W,98
18,W,151
19,W,469
20,R,14
21,W,36
22,R,470
23,R,491
24,R,456
25,R,163
26,R,365
27,R,186
28,R,333
29,W,252
30,W,10
31,R,67
32,R,151
33,R,25
34,R,400
35,R,22
36,R,267
37,W,373
38,W,353
39,R,41
40,W,459
41,R,377
42,R,85
43,R,444
44,R,56
45,W,39
46,R,429
47,R,429
48,R,77
49,R,494
50,R,500
51,W,233
52,R,354
53,W,195
54,W,180
55,R,460
56,W,482
57,R,277
58,R,233
59,R,205
60,W,440
61,W,422
62,R,468
63,R,327
64,R,341
65,R,375
66,R,433
67,W,5
68,W,200
69,W,359
70,R,274
71,W,342
72,W,432
73,W,496
74,W,381
75,W,445
76,R,413
77,W,468
78,R,201
79,R,170
80,W,18
81,W,277
82,W,257
83,R,62
84,R,68
85,W,245
86,R,2
87,R,339
88,W,373
89,W,114
90,W,373
91,W,157
92,W,278
93,W,242
94,R,463
95,W,197
96,R,333
97,W,208
98,W,110
99,W,421
100,R,163
101,R,481
102,W,206
103,W,77
104,R,130
105,W,179
106,W,261
107,W,24
108,R,36
109,R,113
110,W,385
111,R,144
112,W,461
113,W,127
114,W,402
115,R,245
116,W,256
117,R,362
118,W,49
119,R,306
120,W,339
121,W,190
122,R,377
123,W,6
124,W,366
125,W,90
126,R,153
127,W,196
128,W,175
129,R,64
130,W,412
131,W,410
132,W,408
133,R,497
134,R,450
135,R,461
136,R,455
137,R,488
138,R,481
139,R,303
140,R,264
141,R,160
142,W,214
143,W,160
144,R,227
145,R,393
146,R,47
147,R,361
148,R,327
149,R,366
150,R,459
151,R,427
152,R,99
153,R,161
154,R,81
155,W,96
156,R,472
157,R,305
158,W,48
159,W,212
160,R,108
161,R,91
162,W,77
163,R,469
164,R,488
165,R,105
166,R,131
167,W,403
168,R,114
169,R,429
170,R,34
171,R,480
172,W,127
173,R,98
174,R,186
175,R,308
176,W,254
177,R,466
178,R,217
179,R,370
180,R,171
181,W,338
182,R,406
183,W,21
184,R,1
185,W,328
186,R,74
187,R,179
188,W,16
189,W,359
190,W,106
191,R,109
192,R,386
193,R,285
194,R,490
195,W,232
196,W,461
197,R,396
198,W,212
199,R,477
200,W,27
201,W,145
202,W,258
203,R,250
204,W,16
205,R,376
206,W,111
207,W,162
208,R,180
209,W,145
210,R,390
211,W,480
212,W,126
213,W,52
214,W,437
215,R,448
216,R,269
217,R,325
218,R,58
219,R,207
220,W,166
221,R,85
222,W,293
223,W,471
224,R,131
225,W,346
226,R,124
227,R,5
228,R,349
229,R,194
230,R,277
231,R,77
232,R,254
233,R,272
234,R,255
235,R,352
236,R,424
237,R,457
238,R,428
239,R,157
240,R,47
241,R,44
242,R,200
243,R,243
244,R,286
245,R,310
246,R,452
247,R,156
248,R,203
249,R,102
250,R,335
251,R,17
252,R,326
253,R,165
254,R,300
255,R,202
256,R,438
257,R,355
258,R,98
259,R,218
260,R,347
261,R,155
262,R,186
263,R,357
264,R,223
265,R,19
266,R,284
267,R,64
268,R,33
269,R,101
270,R,221
271,R,352
272,R,469
273,R,458
274,R,93
275,R,119
276,R,477
277,R,342
278,R,167
279,R,381
280,R,251
281,R,82
282,R,44
283,R,147
284,R,36
285,R,96
286,R,367
287,R,335
288,R,86
289,R,338
290,R,299
291,R,285
292,R,474
293,R,315
294,R,475
295,R,247
296,R,187
297,R,44
298,R,204
299,R,178
300,R,300
301,R,484
302,R,14
303,R,198
304,R,345
305,R,115
306,R,467
307,R,285
308,R,354
309,R,226
310,R,26
311,R,131
312,R,478
313,R,21
314,R,469
315,R,259
316,R,397
317,R,391
318,R,90
319,R,452
320,R,237
321,R,181
322,R,213
323,R,85
324,R,357
325,R,219
326,R,188
327,R,182
328,R,420
329,R,457
330,R,293
331,R,372
332,R,54
333,R,470
334,R,275
335,R,56
336,R,311
337,R,464
338,R,97
339,R,427
340,R,345
341,R,205
342,R,25
343,R,359
344,R,274
345,R,347
346,R,106
347,R,424
348,R,495
349,R,121
350,R,269
351,R,379
352,R,167
353,R,163
354,R,123
355,R,142
356,R,45
357,R,345
358,R,453
359,R,346
360,R,60
361,R,72
362,R,6
363,R,203
364,R,102
365,R,443
366,R,165
367,R,463
368,R,487
369,R,391
370,R,299
371,R,175
372,R,375
373,R,131
374,R,412
375,R,7
376,R,133
377,R,432
378,R,87
379,R,162
380,R,304
381,R,445
382,R,225
383,R,427
384,R,322
385,R,396
386,R,414
387,R,85
388,R,475
389,R,359
390,R,83
391,R,359
392,R,274
393,R,87
394,R,232
395,R,116
396,R,267
397,R,459
398,R,474
399,R,311
400,R,434
401,R,246
402,R,482
403,R,216
404,R,330
405,R,316
406,R,132
407,R,325
408,R,202
409,R,16
410,R,36
411,R,113
412,R,283
413,R,481
414,R,488
415,R,408
416,R,199
417,R,40
418,R,96
419,R,200
420,R,263
421,R,359
422,R,380
423,R,213
424,R,70
425,R,161
426,R,321
427,R,49
428,R,359
429,R,459
430,R,256
431,R,485
432,R,186
433,R,175
434,R,388
435,R,162
436,R,111
437,R,296
438,R,144
439,R,384
440,R,325
441,R,452
442,R,354
443,R,453
444,R,192
445,R,356
446,R,184
447,R,58
448,R,19
449,R,451
450,R,230
451,R,16
452,R,394
453,R,363
454,R,270
455,R,80
456,R,348
457,R,414
458,R,111
459,R,424
460,R,493
461,R,278
462,R,326
463,R,183
464,R,185
465,R,176
466,R,419
467,R,325
468,R,479
469,R,156
470,R,99
471,R,308
472,R,366
473,R,154
474,R,303
475,R,130
476,R,483
477,R,347
478,R,100
479,R,169
480,R,72
481,R,298
482,R,389
483,R,386
484,R,134
485,R,470
486,R,372
487,R,313
488,R,32
489,R,334
490,R,444
491,R,276
492,R,477
493,R,351
494,R,179
495,R,307
496,R,189
497,R,256
498,R,493
499,R,425
500,R,425
501,R,318
502,R,487
503,R,25
504,R,37
505,R,264
506,R,381
507,R,161
508,R,84
509,R,312
510,R,40
511,R,450
512,R,280
513,R,307
514,R,196
515,R,241
516,R,401
517,R,76
518,R,306
519,R,243
520,R,242
521,R,97
522,R,258
523,R,417
524,R,460
525,R,496
526,R,357
527,R,328
528,R,124
529,R,455
530,R,216
531,R,282
532,R,436
533,R,48
534,R,483
535,R,23
536,R,287
537,R,33
538,R,59
539,R,40
540,R,60
541,R,8
542,R,220
543,R,71
544,R,10
545,R,468
546,R,58
547,R,149
548,R,146
549,R,366
550,R,92
551,R,41
552,R,159
553,R,263
554,R,224
555,R,395
556,R,248
557,R,232
558,R,444
559,R,294
560,R,317
561,R,241
562,R,43
563,R,496
564,R,250
565,R,157
566,R,67
567,R,370
568,R,358
569,R,105
570,R,441
571,R,365
572,R,273
573,R,496
574,R,204
575,R,150
576,R,162
577,R,359
578,R,497
579,R,394
580,R,249
581,R,290
582,R,482
583,R,253
584,R,165
585,R,253
586,R,418
587,R,274
588,R,375
589,R,295
590,R,310
591,R,61
592,R,188
593,R,150
594,R,178
595,R,224
596,R,198
597,R,293
598,R,496
599,R,146
600,R,300
601,R,24
602,R,479
603,R,215
604,R,373
605,R,127
606,R,308
607,R,137
608,R,404
609,R,270
610,R,441
611,R,468
612,R,82
613,R,349
614,R,444
615,R,238
616,R,186
617,R,422
618,R,492
619,R,31
620,R,239
621,R,286
622,R,476
623,R,494
624,R,90
625,R,7
626,R,29
627,R,69
628,R,173
629,R,268
630,R,500
631,R,196
632,R,404
633,R,98
634,R,9
635,R,62
636,R,335
637,R,480
638,R,29
639,R,458
640,R,44
641,R,500
642,R,284
643,R,307
644,R,78
645,R,432
646,R,151
647,R,8
648,R,61
649,R,177
650,R,406
651,R,100
652,R,54
653,R,3
654,R,291
655,R,111
656,R,77
657,R,386
658,R,56
659,R,498
660,R,353
661,R,114
662,R,289
663,R,327
664,R,37
665,R,231
666,R,179
667,R,310
668,R,214
669,R,417
670,R,65
671,R,132
672,R,183
673,R,5
674,R,103
675,R,71
676,R,263
677,R,30
678,R,193
679,R,311
680,R,150
681,R,64
682,R,480
683,R,395
684,R,311
685,R,364
686,R,317
687,R,261
688,R,38
689,R,421
690,R,368
691,R,357
692,R,347
693,R,199
694,R,457
695,R,386
696,R,1
697,R,204
698,R,70
699,R,435
700,R,16
701,R,357
702,R,166
703,R,439
704,R,111
705,R,433
706,R,2
707,R,409
708,R,154
709,R,51
710,R,156
711,R,292
712,R,89
713,R,54
714,R,7
715,R,435
716,R,50
717,R,227
718,R,80
719,R,297
720,R,326
721,R,383
722,R,243
723,R,345
724,R,96
725,R,144
726,R,222
727,R,195
728,R,499
729,R,87
730,R,352
731,R,165
732,R,29
733,R,193
734,R,87
735,R,367
736,R,494
737,R,37
738,R,298
739,R,151
740,R,468
741,R,359
742,R,247
743,R,193
744,R,14
745,R,215
746,R,217
747,R,187
748,R,299
749,R,174
750,R,183
751,R,218
752,R,356
753,R,52
754,R,147
755,R,170
756,R,335
757,R,223
758,R,7
759,R,389
760,R,208
761,R,498
762,R,419
763,R,369
764,R,107
765,R,391
766,R,260
767,R,45
768,R,331
769,R,383
770,R,22
771,R,403
772,R,40
773,R,410
774,R,398
775,R,400
776,R,197
777,R,476
778,R,128
779,R,321
780,R,427
781,R,8
782,R,378
783,R,80
784,R,379
785,R,292
786,R,483
787,R,445
788,R,120
789,R,110
790,R,352
791,R,233
792,R,330
793,R,188
794,R,330
795,R,429
796,R,391
797,R,196
798,R,169
799,R,67
800,R,278
801,R,93
802,R,210
803,R,320
804,R,158
805,R,172
806,R,221
807,R,56
808,R,94
809,R,263
810,R,479
811,R,221
812,R,292
813,R,265
814,R,9
815,R,259
816,R,1
817,R,39
818,R,227
819,R,68
820,R,375
821,R,136
822,R,325
823,R,285
824,R,490
825,R,269
826,R,61
827,R,255
828,R,414
829,R,445
830,R,250
831,R,367
832,R,175
833,R,21
834,R,266
835,R,22
836,R,214
837,R,177
838,R,80
839,R,97
840,R,102
841,R,297
842,R,50
843,R,265
844,R,36
845,R,189
846,R,256
847,R,35
848,R,273
849,R,293
850,R,63
851,R,393
852,R,332
853,R,377
854,R,346
855,R,334
856,R,205
857,R,481
858,R,480
859,R,422
860,R,286
861,R,497
862,R,147
863,R,139
864,R,394
865,R,137
866,R,166
867,R,437
868,R,156
869,R,174
870,R,132
871,R,378
872,R,484
873,R,499
874,R,389
875,R,226
876,R,53
877,R,268
878,R,404
879,R,180
880,R,240
881,R,190
882,R,191
883,R,430
884,R,459
885,R,185
886,R,36
887,R,149
888,R,6
889,R,148
890,R,363
891,R,414
892,R,41
893,R,24
894,R,177
895,R,57
896,R,99
897,R,212
898,R,18
899,R,445
900,R,260
901,R,205
902,R,311
903,R,238
904,R,359
905,R,364
906,R,284
907,R,57
908,R,349
909,R,127
910,R,111
911,R,15
912,R,356
913,R,23
914,R,379
915,R,305
916,R,280
917,R,40
918,R,269
919,R,325
920,R,441
921,R,158
922,R,306
923,R,239
924,R,234
925,R,321
926,R,314
927,R,76
928,R,454
929,R,374
930,R,478
931,R,306
932,R,371
933,R,32
934,R,51
935,R,54
936,R,289
937,R,48
938,R,76
939,R,424
940,R,447
941,R,440
942,R,303
943,R,78
944,R,62
945,R,227
946,R,3
947,R,321
948,R,164
949,R,314
950,R,479
951,R,65
952,R,318
953,R,356
954,R,9
955,R,401
956,R,313
957,R,15
958,R,132
959,R,100
960,R,468
961,R,496
962,R,283
963,R,165
964,R,87
965,R,386
966,R,202
967,R,227
968,R,49
969,R,159
970,R,211
971,R,177
972,R,271
973,R,61
974,R,114
975,R,159
976,R,471
977,R,77
978,R,276
979,R,442
980,R,485
981,R,152
982,R,349
983,R,115
984,R,233
985,R,344
986,R,457
987,R,432
988,R,158
989,R,451
990,R,110
991,R,429
992,R,135
993,R,436
994,R,99
995,R,5
996,R,330
997,R,363
998,R,114
999,R,214
1000,R,44
1001,W,21
1002,R,19
1003,W,39
1004,W,21
1005,R,44
1006,W,62
1007,W,28
1008,R,18
1009,W,59
1010,R,4
1011,W,44
1012,R,25
1013,W,52
1014,W,95
1015,W,46
1016,W,86
1017,R,44
1018,R,97
1019,R,85
1020,R,57
1021,W,30
1022,W,56
1023,W,56
1024,R,89
1025,W,31
1026,W,28
1027,W,93
1028,W,55
1029,R,19
1030,R,30
1031,W,33
1032,W,44
1033,R,38
1034,W,47
1035,W,14
1036,W,82
1037,R,63
1038,W,14
1039,W,11
1040,W,26
1041,W,84
1042,R,1
1043,R,64
1044,R,63
1045,W,24
1046,R,21
1047,W,27
1048,W,33
1049,W,79
1050,W,72
1051,W,6
1052,R,79
1053,W,60
1054,W,30
1055,W,71
1056,R,21
1057,R,58
1058,R,77
1059,R,43
1060,R,45
1061,W,22
1062,R,6
1063,W,30
1064,W,90
1065,W,38
1066,R,2
1067,R,2
1068,R,28
1069,R,49
1070,R,74
1071,R,87
1072,R,85
1073,R,36
1074,R,62
1075,R,20
1076,R,59
1077,R,3
1078,W,87
1079,R,36
1080,W,83
1081,R,69
1082,W,88
1083,R,97
1084,W,74
1085,W,34
1086,R,96
1087,R,44
1088,W,23
1089,R,40
1090,R,38
1091,W,86
1092,W,50
1093,R,25
1094,R,27
1095,W,52
1096,R,43
1097,R,66
1098,W,30
1099,W,27
1100,W,5
1101,W,79
1102,W,91
1103,R,85
1104,W,78
1105,R,8
1106,R,7
1107,R,49
1108,W,5
1109,W,64
1110,W,29
1111,W,50
1112,W,18
1113,R,70
1114,W,28
1115,W,49
1116,W,24
1117,W,47
1118,R,70
1119,R,6
1120,W,19
1121,R,37
1122,W,95
1123,R,22
1124,R,50
1125,R,94
1126,W,83
1127,R,91
1128,R,61
1129,W,36
1130,R,18
1131,W,30
1132,R,55
1133,R,7
1134,W,7
1135,W,63
1136,W,50
1137,W,30
1138,W,28
1139,R,92
1140,W,45
1141,R,29
1142,R,16
1143,R,86
1144,R,24
1145,R,50
1146,R,73
1147,W,98
1148,W,15
1149,R,47
1150,W,1
1151,W,48
1152,R,29
1153,W,32
1154,R,68
1155,R,51
1156,W,71
1157,W,63
1158,R,35
1159,W,27
1160,R,90
1161,R,14
1162,R,43
1163,W,65
1164,W,80
1165,R,58
1166,R,100
1167,W,74
1168,W,3
1169,W,80
1170,R,58
1171,R,8
1172,W,99
1173,R,54
1174,W,30
1175,W,58
1176,R,76
1177,R,65
1178,W,53
1179,R,32
1180,W,13
1181,W,30
1182,R,87
1183,W,36
1184,R,38
1185,W,4
1186,R,89
1187,W,6
1188,R,22
1189,W,26
1190,W,56
1191,R,56
1192,R,1
1193,R,91
1194,W,63
1195,R,78
1196,W,95
1197,W,49
1198,R,8
1199,R,79
1200,R,34
1201,R,28
1202,W,39
1203,R,89
1204,W,4
1205,W,49
1206,W,9
1207,W,56
1208,W,94
1209,R,48
1210,R,53
1211,R,3
1212,R,65
1213,W,20
1214,W,30
1215,R,81
1216,R,28
1217,W,62
1218,R,91
1219,R,61
1220,R,92
1221,R,29
1222,W,13
1223,R,3
1224,W,58
1225,W,39
1226,R,88
1227,R,24
1228,W,52
1229,R,50
1230,W,33
1231,R,20
1232,R,24
1233,R,36
1234,W,20
1235,R,95
1236,R,10
1237,R,3
1238,R,96
1239,R,71
1240,R,18
1241,W,57
1242,R,70
1243,W,79
1244,R,87
1245,R,85
1246,W,89
1247,R,28
1248,R,21
1249,R,71
1250,R,40
1251,W,82
1252,W,55
1253,W,27
1254,W,49
1255,R,74
1256,W,41
1257,W,14
1258,W,92
1259,R,62
1260,R,31
1261,R,27
1262,R,58
1263,W,83
1264,W,24
1265,R,67
1266,R,58
1267,R,94
1268,R,63
1269,W,21
1270,R,54
1271,W,95
1272,R,76
1273,W,2
1274,R,55
1275,W,81
1276,R,8
1277,R,89
1278,W,96
1279,R,3
1280,W,36
1281,W,4
1282,R,6
1283,W,72
1284,W,97
1285,R,100
1286,R,82
1287,W,99
1288,W,23
1289,W,32
1290,R,61
1291,W,62
1292,R,37
1293,W,39
1294,W,15
1295,W,75
1296,W,37
1297,R,13
1298,R,76
1299,W,74
1300,W,10
1301,W,78
1302,R,57
1303,R,24
1304,W,77
1305,R,62
1306,W,95
1307,W,39
1308,R,74
1309,R,37
1310,W,95
1311,W,23
1312,W,13
1313,W,75
1314,W,24
1315,R,78
1316,W,45
1317,W,49
1318,R,8
1319,R,48
1320,R,78
1321,R,46
1322,W,26
1323,R,16
1324,W,8
1325,R,46
1326,W,76
1327,W,68
1328,W,37
1329,W,78
1330,R,42
1331,W,8
1332,W,99
1333,W,81
1334,R,61
1335,W,39
1336,W,19
1337,R,77
1338,R,28
1339,W,27
1340,R,14
1341,R,99
1342,R,26
1343,R,29
1344,W,36
1345,R,94
1346,R,34
1347,R,30
1348,R,11
1349,W,16
1350,R,81
1351,W,15
1352,W,88
1353,R,98
1354,W,91
1355,W,70
1356,R,49
1357,R,84
1358,W,53
1359,W,62
1360,R,47
1361,R,30
1362,W,64
1363,R,34
1364,R,90
1365,W,96
1366,R,20
1367,W,74
1368,W,60
1369,R,59
1370,R,49
1371,R,36
1372,W,25
1373,R,89
1374,R,37
1375,W,56
1376,W,41
1377,R,56
1378,R,20
1379,W,19
1380,R,7
1381,R,22
1382,W,90
1383,W,99
1384,R,7
1385,W,82
1386,R,44
1387,R,61
1388,R,9
1389,R,5
1390,R,11
1391,W,85
1392,W,60
1393,R,70
1394,W,82
1395,R,10
1396,W,3
1397,W,86
1398,W,99
1399,R,83
1400,W,30
1401,R,96
1402,R,50
1403,W,78
1404,R,10
1405,W,54
1406,R,5
1407,W,95
1408,W,60
1409,W,25
1410,W,70
1411,W,98
1412,W,62
1413,R,64
1414,W,16
1415,W,8
1416,W,9
1417,R,5
1418,W,49
1419,R,78
1420,W,87
1421,R,66
1422,W,92
1423,W,46
1424,R,30
1425,W,88
1426,R,40
1427,W,3
1428,W,58
1429,R,63
1430,R,3
1431,R,72
1432,W,91
1433,R,36
1434,W,4
1435,W,41
1436,R,89
1437,R,78
1438,W,8
1439,R,56
1440,W,97
1441,R,53
1442,W,4
1443,R,49
1444,W,58
1445,W,61
1446,R,25
1447,W,27
1448,W,33
1449,W,79
1450,W,90
1451,W,67
1452,W,35
1453,R,93
1454,R,54
1455,R,51
1456,W,66
1457,W,74
1458,R,59
1459,W,25
1460,R,8
1461,W,100
1462,R,10
1463,W,47
1464,W,82
1465,R,80
1466,R,73
1467,R,17
1468,W,10
1469,W,1
1470,R,80
1471,R,31
1472,R,9
1473,W,80
1474,W,91
1475,R,5
1476,W,72
1477,R,85
1478,W,59
1479,R,90
1480,W,83
1481,W,63
1482,R,40
1483,R,70
1484,R,45
1485,R,60
1486,R,67
1487,W,90
1488,W,65
1489,R,47
1490,R,25
1491,R,56
1492,W,100
1493,W,11
1494,R,42
1495,R,71
1496,W,87
1497,W,26
1498,R,79
1499,W,34
1500,W,85
1501,R,47
1502,W,12
1503,W,86
1504,W,55
1505,W,38
1506,W,57
1507,W,91
1508,R,93
1509,R,84
1510,R,57
1511,W,74
1512,W,63
1513,R,28
1514,R,74
1515,W,14
1516,W,77
1517,R,66
1518,R,81
1519,W,22
1520,W,6
1521,W,79
1522,R,44
1523,W,88
1524,W,73
1525,R,86
1526,R,58
1527,W,84
1528,R,11
1529,W,44
1530,W,28
1531,W,1
1532,R,34
1533,W,68
1534,R,68
1535,R,58
1536,W,38
1537,R,72
1538,R,44
1539,R,74
1540,R,28
1541,W,90
1542,R,7
1543,R,52
1544,W,5
1545,R,19
1546,W,63
1547,R,7
1548,R,55
1549,W,91
1550,W,99
1551,W,31
1552,R,16
1553,R,18
1554,R,2
1555,W,85
1556,R,57
1557,W,91
1558,W,2
1559,R,42
1560,W,24
1561,W,93
1562,W,54
1563,R,20
1564,W,85
1565,W,97
1566,R,20
1567,R,75
1568,R,48
1569,W,64
1570,W,19
1571,R,66
1572,R,5
1573,R,63
1574,R,5
1575,R,51
1576,R,74
1577,W,1
1578,R,69
1579,W,65
1580,R,44
1581,R,47
1582,W,13
1583,W,97
1584,R,9
1585,R,20
1586,W,97
1587,R,3
1588,W,47
1589,R,88
1590,R,26
1591,R,2
1592,W,19
1593,W,25
1594,R,24
1595,W,13
1596,R,99
1597,W,12
1598,R,44
1599,R,18
1600,W,24
1601,W,36
1602,W,14
1603,R,71
1604,R,56
1605,W,19
1606,R,79
1607,W,31
1608,W,64
1609,R,47
1610,W,11
1611,W,28
1612,R,54
1613,R,62
1614,W,56
1615,W,76
1616,R,4
1617,W,57
1618,W,76
1619,R,15
1620,W,63
1621,R,56
1622,W,63
1623,W,90
1624,R,21
1625,W,72
1626,R,58
1627,R,95
1628,W,38
1629,W,67
1630,R,20
1631,R,62
1632,W,6
1633,R,47
1634,W,25
1635,W,49
1636,R,25
1637,R,11
1638,R,65
1639,W,80
1640,R,89
1641,W,95
1642,R,25
1643,R,17
1644,W,95
1645,W,8
1646,R,10
1647,W,40
1648,R,90
1649,W,69
1650,R,31
1651,R,16
1652,W,9
1653,R,31
1654,R,71
1655,R,16
1656,R,73
1657,R,78
1658,R,4
1659,W,82
1660,R,28
1661,W,41
1662,R,9
1663,R,27
1664,R,47
1665,W,65
1666,R,64
1667,R,84
1668,W,48
1669,W,69
1670,W,64
1671,W,62
1672,R,56
1673,R,83
1674,W,19
1675,W,74
1676,W,62
1677,W,1
1678,W,41
1679,W,85
1680,R,33
1681,R,53
1682,W,71
1683,W,13
1684,R,10
1685,R,57
1686,W,32
1687,R,62
1688,R,18
1689,W,11
1690,R,83
1691,W,98
1692,W,44
1693,W,82
1694,R,69
1695,W,37
1696,R,69
1697,W,2
1698,W,79
1699,W,36
1700,R,82
1701,W,19
1702,R,98
1703,W,29
1704,R,13
1705,W,62
1706,R,54
1707,W,81
1708,W,59
1709,W,62
1710,W,27
1711,W,44
1712,R,2
1713,R,80
1714,R,46
1715,W,68
1716,R,36
1717,W,3
1718,W,24
1719,R,74
1720,R,18
1721,R,68
1722,W,93
1723,W,47
1724,W,42
1725,W,74
1726,W,74
1727,R,96
1728,R,65
1729,R,50
1730,R,91
1731,R,78
1732,R,97
1733,R,88
1734,W,33
1735,R,5
1736,R,16
1737,R,64
1738,R,68
1739,R,93
1740,W,10
1741,R,41
1742,W,10
1743,R,24
1744,R,14
1745,R,13
1746,W,82
1747,R,4
1748,W,77
1749,W,79
1750,R,45
1751,W,23
1752,R,1
1753,R,59
1754,W,76
1755,W,93
1756,W,30
1757,R,77
1758,R,43
1759,R,20
1760,R,72
1761,R,41
1762,R,86
1763,R,16
1764,W,91
1765,W,100
1766,R,4
1767,R,67
1768,R,45
1769,W,49
1770,W,43
1771,R,29
1772,R,59
1773,R,52
1774,R,61
1775,W,40
1776,W,76
1777,W,10
1778,W,89
1779,R,70
1780,R,83
1781,R,91
1782,W,98
1783,W,17
1784,W,57
1785,R,46
1786,R,50
1787,W,69
1788,W,72
1789,R,11
1790,W,76
1791,W,93
1792,R,93
1793,R,20
1794,W,26
1795,W,12
1796,R,11
1797,W,59
1798,R,27
1799,R,1
1800,R,44
1801,R,25
1802,R,90
1803,R,67
1804,R,14
1805,R,18
1806,R,56
1807,R,30
1808,R,51
1809,R,54
1810,W,73
1811,W,84
1812,R,12
1813,W,25
1814,W,59
1815,R,52
1816,R,71
1817,W,52
1818,R,97
1819,W,69
1820,R,85
1821,R,57
1822,R,85
1823,R,20
1824,R,64
1825,R,10
1826,R,14
1827,R,25
1828,R,80
1829,R,69
1830,R,98
1831,R,21
1832,R,18
1833,R,93
1834,R,52
1835,R,23
1836,R,4
1837,R,39
1838,R,11
1839,R,13
1840,R,89
1841,R,33
1842,R,9
1843,R,59
1844,R,59
1845,R,27
1846,R,28
1847,R,88
1848,R,80
1849,R,57
1850,R,20
1851,R,43
1852,R,3
1853,R,33
1854,R,26
1855,R,7
1856,R,29
1857,R,26
1858,R,86
1859,R,51
1860,R,100
1861,R,95
1862,R,69
1863,R,90
1864,R,85
1865,R,27
1866,R,11
1867,R,15
1868,R,7
1869,R,7
1870,R,30
1871,R,29
1872,R,57
1873,R,44
1874,R,37
1875,R,84
1876,R,56
1877,R,16
1878,R,17
1879,R,78
1880,R,34
1881,R,5
1882,R,63
1883,R,62
1884,R,24
1885,R,69
1886,R,67
1887,R,44
1888,R,44
1889,R,70
1890,R,46
1891,R,10
1892,R,59
1893,R,95
1894,R,33
1895,R,8
1896,R,15
1897,R,53
1898,R,15
1899,R,68
1900,R,41
1901,R,94
1902,R,70
1903,R,71
1904,R,100
1905,R,5
1906,R,5
1907,R,17
1908,R,47
1909,R,28
1910,R,83
1911,R,8
1912,R,87
1913,R,12
1914,R,38
1915,R,74
1916,R,35
1917,R,44
1918,R,53
1919,R,10
1920,R,77
1921,R,93
1922,R,78
1923,R,34
1924,R,47
1925,R,71
1926,R,64
1927,R,71
1928,R,47
1929,R,2
1930,R,10
1931,R,59
1932,R,9
1933,R,57
1934,R,21
1935,R,97
1936,R,40
1937,R,82
1938,R,41
1939,R,40
1940,R,61
1941,R,19
1942,R,88
1943,R,72
1944,R,70
1945,R,2
1946,R,61
1947,R,63
1948,R,27
1949,R,98
1950,R,86
1951,R,21
1952,R,80
1953,R,43
1954,R,23
1955,R,99
1956,R,49
1957,R,73
1958,R,40
1959,R,79
1960,R,53
1961,R,57
1962,R,93
1963,R,82
1964,R,59
1965,R,34
1966,R,85
1967,R,49
1968,R,66
1969,R,21
1970,R,26
1971,R,32
1972,R,48
1973,R,77
1974,R,10
1975,R,77
1976,R,15
1977,R,35
1978,R,25
1979,R,21
1980,R,14
1981,R,47
1982,R,16
1983,R,73
1984,R,26
1985,R,92
1986,R,47
1987,R,86
1988,R,82
1989,R,71
1990,R,95
1991,R,21
1992,R,37
1993,R,92
1994,R,21
1995,R,39
1996,R,59
1997,R,83
1998,R,28
1999,R,25
2000,R,67
2001,R,100
2002,R,30
2003,R,97
2004,R,82
2005,R,95
2006,R,72
2007,R,31
2008,R,6
2009,R,80
2010,R,40
2011,R,84
2012,R,8
2013,R,55
2014,R,58
2015,R,58
2016,R,94
2017,R,53
2018,R,4
2019,R,18
2020,R,12
2021,R,84
2022,R,79
2023,R,99
2024,R,59
2025,R,86
2026,R,76
2027,R,13
2028,R,41
2029,R,59
2030,R,48
2031,R,31
2032,R,82
2033,R,94
2034,R,71
2035,R,63
2036,R,86
2037,R,67
2038,R,90
2039,R,42
2040,R,15
2041,R,56
2042,R,44
2043,R,29
2044,R,15
2045,R,90
2046,R,100
2047,R,80
2048,R,79
2049,R,92
2050,R,28
2051,R,26
2052,R,69
2053,R,24
2054,R,83
2055,R,3
2056,R,27
2057,R,40
2058,R,72
2059,R,84
2060,R,89
2061,R,10
2062,R,96
2063,R,82
2064,R,59
2065,R,95
2066,R,76
2067,R,31
2068,R,91
2069,R,31
2070,R,8
2071,R,74
2072,R,98
2073,R,27
2074,R,16
2075,R,30
2076,R,92
2077,R,69
2078,R,86
2079,R,56
2080,R,71
2081,R,11
2082,R,65
2083,R,92
2084,R,80
2085,R,11
2086,R,55
2087,R,4
2088,R,89
2089,R,12
2090,R,84
2091,R,92
2092,R,8
2093,R,96
2094,R,60
2095,R,66
2096,R,89
2097,R,51
2098,R,1
2099,R,55
2100,R,47
2101,R,90
2102,R,38
2103,R,67
2104,R,36
2105,R,36
2106,R,52
2107,R,37
2108,R,60
2109,R,66
2110,R,64
2111,R,44
2112,R,25
2113,R,40
2114,R,50
2115,R,43
2116,R,21
2117,R,90
2118,R,75
2119,R,89
2120,R,94
2121,R,68
2122,R,60
2123,R,65
2124,R,48
2125,R,53
2126,R,77
2127,R,31
2128,R,95
2129,R,14
2130,R,82
2131,R,60
2132,R,61
2133,R,84
2134,R,16
2135,R,70
2136,R,11
2137,R,10
2138,R,20
2139,R,53
2140,R,93
2141,R,67
2142,R,42
2143,R,78
2144,R,61
2145,R,1
2146,R,3
2147,R,23
2148,R,72
2149,R,51
2150,R,44
2151,R,60
2152,R,65
2153,R,38
2154,R,60
2155,R,8
2156,R,87
2157,R,37
2158,R,77
2159,R,73
2160,R,22
2161,R,61
2162,R,27
2163,R,51
2164,R,62
2165,R,77
2166,R,58
2167,R,41
2168,R,85
2169,R,74
2170,R,48
2171,R,86
2172,R,1
2173,R,83
2174,R,53
2175,R,69
2176,R,72
2177,R,13
2178,R,36
2179,R,52
2180,R,34
2181,R,100
2182,R,16
2183,R,68
2184,R,85
2185,R,84
2186,R,28
2187,R,63
2188,R,36
2189,R,12
2190,R,25
2191,R,93
2192,R,59
2193,R,54
2194,R,84
2195,R,7
2196,R,84
2197,R,65
2198,R,5
2199,R,98
2200,R,37
2201,R,25
2202,R,56
2203,R,64
2204,R,91
2205,R,74
2206,R,87
2207,R,9
2208,R,84
2209,R,80
2210,R,30
2211,R,91
2212,R,25
2213,R,88
2214,R,21
2215,R,90
2216,R,96
2217,R,41
2218,R,92
2219,R,16
2220,R,91
2221,R,75
2222,R,54
2223,R,61
2224,R,66
2225,R,39
2226,R,69
2227,R,8
2228,R,60
2229,R,84
2230,R,40
2231,R,44
2232,R,71
2233,R,79
2234,R,77
2235,R,43
2236,R,39
2237,R,60
2238,R,90
2239,R,58
2240,R,10
2241,R,39
2242,R,55
2243,R,10
2244,R,10
2245,R,98
2246,R,82
2247,R,4
2248,R,1
2249,R,57
2250,R,33
2251,R,86
2252,R,20
2253,R,13
2254,R,7
2255,R,55
2256,R,56
2257,R,39
2258,R,51
2259,R,66
2260,R,11
2261,R,87
2262,R,18
2263,R,55
2264,R,27
2265,R,25
2266,R,1
2267,R,59
2268,R,61
2269,R,49
2270,R,61
2271,R,20
2272,R,67
2273,R,4
2274,R,81
2275,R,31
2276,R,74
2277,R,80
2278,R,94
2279,R,28
2280,R,52
2281,R,56
2282,R,46
2283,R,4
2284,R,39
2285,R,49
2286,R,12
2287,R,94
2288,R,100
2289,R,22
2290,R,8
2291,R,13
2292,R,72
2293,R,84
2294,R,9
2295,R,63
2296,R,17
2297,R,78
2298,R,30
2299,R,9
2300,R,61
2301,R,77
2302,R,32
2303,R,91
2304,R,58
2305,R,48
2306,R,22
2307,R,29
2308,R,84
2309,R,34
2310,R,35
2311,R,16
2312,R,18
2313,R,10
2314,R,86
2315,R,29
2316,R,20
2317,R,37
2318,R,45
2319,R,46
2320,R,38
2321,R,20
2322,R,38
2323,R,65
2324,R,15
2325,R,45
2326,R,44
2327,R,76
2328,R,14
2329,R,69
2330,R,51
2331,R,75
2332,R,40
2333,R,69
2334,R,39
2335,R,32
2336,R,19
2337,R,76
2338,R,16
2339,R,39
2340,R,76
2341,R,70
2342,R,12
2343,R,34
2344,R,97
2345,R,20
2346,R,19
2347,R,54
2348,R,44
2349,R,24
2350,R,26
2351,R,99
2352,R,9
2353,R,69
2354,R,88
2355,R,91
2356,R,88
2357,R,5
2358,R,40
2359,R,98
2360,R,100
2361,R,32
2362,R,100
2363,R,35
2364,R,56
2365,R,47
2366,R,70
2367,R,29
2368,R,22
2369,R,67
2370,R,2
2371,R,91
2372,R,50
2373,R,37
2374,R,90
2375,R,77
2376,R,67
2377,R,12
2378,R,20
2379,R,92
2380,R,81
2381,R,70
2382,R,15
2383,R,89
2384,R,88
2385,R,5
2386,R,86
2387,R,85
2388,R,75
2389,R,56
2390,R,63
2391,R,54
2392,R,93
2393,R,6
2394,R,77
2395,R,4
2396,R,15
2397,R,69
2398,R,77
2399,R,36
2400,R,3
2401,R,32
2402,R,68
2403,R,88
2404,R,34
2405,R,48
2406,R,19
2407,R,65
2408,R,10
2409,R,52
2410,R,5
2411,R,63
2412,R,29
2413,R,40
2414,R,32
2415,R,92
2416,R,76
2417,R,37
2418,R,8
2419,R,73
2420,R,96
2421,R,18
2422,R,38
2423,R,38
2424,R,68
2425,R,100
2426,R,26
2427,R,34
2428,R,51
2429,R,66
2430,R,85
2431,R,76
2432,R,30
2433,R,89
2434,R,10
2435,R,15
2436,R,44
2437,R,25
2438,R,92
2439,R,86
2440,R,56
2441,R,62
2442,R,18
2443,R,44
2444,R,55
2445,R,40
2446,R,18
2447,R,76
2448,R,34
2449,R,7
2450,R,75
2451,R,14
2452,R,51
2453,R,3
2454,R,90
2455,R,84
2456,R,48
2457,R,16
2458,R,27
2459,R,61
2460,R,94
2461,R,94
2462,R,76
2463,R,49
2464,R,20
2465,R,82
2466,R,97
2467,R,42
2468,R,81
2469,R,58
2470,R,46
2471,R,76
2472,R,16
2473,R,4
2474,R,80
2475,R,45
2476,R,63
2477,R,92
2478,R,84
2479,R,26
2480,R,91
2481,R,85
2482,R,89
2483,R,64
2484,R,49
2485,R,75
2486,R,61
2487,R,19
2488,R,67
2489,R,51
2490,R,1
2491,R,45
2492,R,31
2493,R,1
2494,R,88
2495,R,3
2496,R,63
2497,R,81
2498,R,11
2499,R,62
2500,R,63
2501,R,26
2502,R,88
2503,R,31
2504,R,6
2505,R,33
2506,R,41
2507,R,80
2508,R,17
2509,R,46
2510,R,5
2511,R,68
2512,R,41
2513,R,21
2514,R,23
2515,R,67
2516,R,12
2517,R,22
2518,R,93
2519,R,3
2520,R,76
2521,R,94
2522,R,78
2523,R,94
2524,R,34
2525,R,63
2526,R,68
2527,R,30
2528,R,81
2529,R,91
2530,R,38
2531,R,68
2532,R,96
2533,R,77
2534,R,26
2535,R,52
2536,R,10
2537,R,93
2538,R,63
2539,R,8
2540,R,77
2541,R,76
2542,R,91
2543,R,68
2544,R,90
2545,R,1
2546,R,14
2547,R,43
2548,R,94
2549,R,53
2550,R,13
2551,R,32
2552,R,76
2553,R,84
2554,R,72
2555,R,57
2556,R,16
2557,R,72
2558,R,88
2559,R,3
2560,R,20
2561,R,65
2562,R,76
2563,R,63
2564,R,39
2565,R,27
2566,R,68
2567,R,50
2568,R,69
2569,R,57
2570,R,53
2571,R,93
2572,R,47
2573,R,65
2574,R,49
2575,R,77
2576,R,25
2577,R,76
2578,R,89
2579,R,52
2580,R,58
2581,R,91
2582,R,85
2583,R,34
2584,R,61
2585,R,96
2586,R,82
2587,R,48
2588,R,15
2589,R,85
2590,R,80
2591,R,48
2592,R,82
2593,R,33
2594,R,59
2595,R,59
2596,R,87
2597,R,64
2598,R,34
2599,R,56
2600,R,81
2601,R,39
2602,R,62
2603,R,11
2604,R,95
2605,R,25
2606,R,35
2607,R,59
2608,R,82
2609,R,47
2610,R,84
2611,R,98
2612,R,8
2613,R,91
2614,R,37
2615,R,49
2616,R,20
2617,R,84
2618,R,39
2619,R,5
2620,R,88
2621,R,100
2622,R,28
2623,R,11
2624,R,2
2625,R,5
2626,R,82
2627,R,68
2628,R,74
2629,R,64
2630,R,20
2631,R,48
2632,R,8
2633,R,64
2634,R,96
2635,R,86
2636,R,66
2637,R,20
2638,R,90
2639,R,62
2640,R,37
2641,R,16
2642,R,79
2643,R,82
2644,R,52
2645,R,67
2646,R,26
2647,R,10
2648,R,6
2649,R,75
2650,R,26
2651,R,35
2652,R,68
2653,R,31
2654,R,28
2655,R,42
2656,R,40
2657,R,16
2658,R,57
2659,R,82
2660,R,24
2661,R,36
2662,R,42
2663,R,49
2664,R,48
2665,R,9
2666,R,35
2667,R,27
2668,R,71
2669,R,50
2670,R,12
2671,R,23
2672,R,14
2673,R,48
2674,R,14
2675,R,23
2676,R,58
2677,R,26
2678,R,82
2679,R,31
2680,R,62
2681,R,42
2682,R,60
2683,R,50
2684,R,74
2685,R,45
2686,R,49
2687,R,59
2688,R,41
2689,R,2
2690,R,60
2691,R,73
2692,R,19
2693,R,7
2694,R,81
2695,R,63
2696,R,71
2697,R,81
2698,R,77
2699,R,84
2700,R,94
2701,R,92
2702,R,78
2703,R,8
2704,R,37
2705,R,92
2706,R,89
2707,R,36
2708,R,42
2709,R,25
2710,R,70
2711,R,30
2712,R,12
2713,R,23
2714,R,78
2715,R,90
2716,R,6
2717,R,26
2718,R,73
2719,R,41
2720,R,55
2721,R,79
2722,R,60
2723,R,57
2724,R,96
2725,R,24
2726,R,79
2727,R,6
2728,R,72
2729,R,4
2730,R,27
2731,R,63
2732,R,94
2733,R,24
2734,R,85
2735,R,90
2736,R,63
2737,R,26
2738,R,49
2739,R,87
2740,R,45
2741,R,34
2742,R,43
2743,R,90
2744,R,68
2745,R,19
2746,R,48
2747,R,83
2748,R,64
2749,R,86
2750,R,82
2751,R,8
2752,R,16
2753,R,31
2754,R,99
2755,R,75
2756,R,32
2757,R,93
2758,R,86
2759,R,23
2760,R,71
2761,R,6
2762,R,22
2763,R,51
2764,R,89
2765,R,88
2766,R,44
2767,R,78
2768,R,66
2769,R,100
2770,R,16
2771,R,31
2772,R,93
2773,R,54
2774,R,80
2775,R,38
2776,R,42
2777,R,99
2778,R,35
2779,R,41
2780,R,40
2781,R,93
2782,R,19
2783,R,64
2784,R,94
2785,R,74
2786,R,35
2787,R,17
2788,R,9
2789,R,93
2790,R,21
2791,R,28
2792,R,96
2793,R,91
2794,R,88
2795,R,16
2796,R,35
2797,R,78
2798,R,43
2799,R,55
2800,R,96
2801,R,49
2802,R,48
2803,R,53
2804,R,12
2805,R,70
2806,R,69
2807,R,5
2808,R,34
2809,R,54
2810,R,30
2811,R,97
2812,R,42
2813,R,68
2814,R,4
2815,R,90
2816,R,43
2817,R,25
2818,R,51
2819,R,41
2820,R,29
2821,R,32
2822,R,28
2823,R,15
2824,R,11
2825,R,3
2826,R,35
2827,R,50
2828,R,26
2829,R,92
2830,R,30
2831,R,37
2832,R,84
2833,R,21
2834,R,47
2835,R,27
2836,R,57
2837,R,36
2838,R,66
2839,R,68
2840,R,12
2841,R,35
2842,R,88
2843,R,21
2844,R,66
2845,R,37
2846,R,17
2847,R,52
2848,R,26
2849,R,18
2850,R,78
2851,R,66
2852,R,51
2853,R,98
2854,R,91
2855,R,59
2856,R,17
2857,R,58
2858,R,58
2859,R,93
2860,R,11
2861,R,85
2862,R,41
2863,R,92
2864,R,66
2865,R,60
2866,R,43
2867,R,82
2868,R,92
2869,R,54
2870,R,11
2871,R,88
2872,R,73
2873,R,88
2874,R,91
2875,R,43
2876,R,57
2877,R,94
2878,R,90
2879,R,88
2880,R,43
2881,R,71
2882,R,74
2883,R,68
2884,R,91
2885,R,32
2886,R,46
2887,R,52
2888,R,60
2889,R,45
2890,R,89
2891,R,9
2892,R,63
2893,R,1
2894,R,4
2895,R,60
2896,R,82
2897,R,59
2898,R,27
2899,R,43
2900,R,53
2901,R,91
2902,R,96
2903,R,73
2904,R,7
2905,R,12
2906,R,58
2907,R,82
2908,R,90
2909,R,37
2910,R,67
2911,R,24
2912,R,30
2913,R,67
2914,R,26
2915,R,51
2916,R,21
2917,R,8
2918,R,25
2919,R,42
2920,R,58
2921,R,87
2922,R,32
2923,R,78
2924,R,69
2925,R,53
2926,R,7
2927,R,65
2928,R,68
2929,R,68
2930,R,99
2931,R,60
2932,R,12
2933,R,19
2934,R,22
2935,R,96
2936,R,80
2937,R,16
2938,R,30
2939,R,50
2940,R,60
2941,R,4
2942,R,17
2943,R,42
2944,R,67
2945,R,46
2946,R,47
2947,R,55
2948,R,2
2949,R,88
2950,R,41
2951,R,81
2952,R,82
2953,R,3
2954,R,35
2955,R,93
2956,R,76
2957,R,67
2958,R,11
2959,R,100
2960,R,72
2961,R,76
2962,R,96
2963,R,79
2964,R,97
2965,R,18
2966,R,39
2967,R,84
2968,R,67
2969,R,6
2970,R,57
2971,R,59
2972,R,45
2973,R,34
2974,R,18
2975,R,33
2976,R,91
2977,R,64
2978,R,3
2979,R,20
2980,R,56
2981,R,63
2982,R,60
2983,R,93
2984,R,52
2985,R,3
2986,R,55
2987,R,84
2988,R,6
2989,R,57
2990,R,99
2991,R,3
2992,R,83
2993,R,44
2994,R,100
2995,R,51
2996,R,89
2997,R,37
2998,R,69
2999,R,48
3000,R,64
3001,R,115
3002,R,8
3003,W,89
3004,R,20
3005,W,75
3006,W,56
3007,R,121
3008,R,180
3009,R,157
3010,W,103
3011,W,107
3012,W,120
3013,R,132
3014,W,16
3015,W,50
3016,W,4
3017,W,126
3018,W,102
3019,R,149
3020,W,130
3021,R,129
3022,R,118
3023,W,92
3024,W,59
3025,W,199
3026,W,97
3027,W,120
3028,W,70
3029,R,26
3030,W,127
3031,W,118
3032,R,151
3033,W,168
3034,W,36
3035,W,132
3036,W,185
3037,W,119
3038,W,70
3039,R,146
3040,W,108
3041,R,177
3042,W,28
3043,R,91
3044,W,103
3045,W,41
3046,W,96
3047,W,9
3048,R,110
3049,W,108
3050,W,174
3051,W,83
3052,R,53
3053,W,185
3054,R,98
3055,R,2
3056,R,90
3057,W,153
3058,R,109
3059,W,14
3060,W,94
3061,W,167
3062,R,169
3063,W,133
3064,W,20
3065,R,39
3066,R,55
3067,R,181
3068,W,8
3069,R,147
3070,W,32
3071,R,125
3072,W,33
3073,W,177
3074,R,49
3075,R,55
3076,W,56
3077,W,14
3078,W,36
3079,R,120
3080,R,158
3081,W,142
3082,W,93
3083,W,142
3084,W,113
3085,R,160
3086,W,170
3087,W,136
3088,W,159
3089,R,78
3090,W,178
3091,R,106
3092,W,104
3093,R,130
3094,R,143
3095,W,54
3096,R,176
3097,W,130
3098,R,139
3099,R,194
3100,W,42
3101,R,125
3102,W,174
3103,R,48
3104,W,37
3105,R,83
3106,R,101
3107,W,161
3108,W,107
3109,W,169
3110,W,84
3111,W,185
3112,R,109
3113,R,122
3114,W,93
3115,R,6
3116,R,143
3117,W,30
3118,W,62
3119,R,144
3120,R,106
3121,R,142
3122,R,23
3123,W,122
3124,W,132
3125,W,141
3126,R,1
3127,W,79
3128,W,169
3129,W,160
3130,R,119
3131,R,117
3132,R,21
3133,W,79
3134,W,128
3135,R,61
3136,R,191
3137,W,41
3138,R,58
3139,W,168
3140,R,152
3141,R,187
3142,W,120
3143,W,35
3144,R,145
3145,R,137
3146,W,45
3147,R,3
3148,W,200
3149,R,99
3150,R,143
3151,W,194
3152,W,187
3153,W,57
3154,R,92
3155,W,192
3156,R,50
3157,R,143
3158,R,135
3159,W,185
3160,W,137
3161,W,25
3162,W,3
3163,W,165
3164,W,115
3165,R,63
3166,W,38
3167,R,3
3168,R,111
3169,R,66
3170,R,79
3171,W,124
3172,W,71
3173,W,45
3174,R,41
3175,R,174
3176,R,156
3177,R,124
3178,R,21
3179,W,62
3180,W,195
3181,R,119
3182,W,83
3183,W,164
3184,R,154
3185,W,40
3186,W,113
3187,R,122
3188,W,74
3189,W,152
3190,W,9
3191,R,165
3192,W,14
3193,R,101
3194,W,111
3195,R,74
3196,W,155
3197,W,119
3198,W,25
3199,W,1
3200,R,158
3201,W,174
3202,W,21
3203,W,69
3204,W,200
3205,W,157
3206,R,5
3207,W,178
3208,R,165
3209,W,50
3210,R,30
3211,R,101
3212,W,143
3213,R,147
3214,R,187
3215,R,7
3216,W,31
3217,R,41
3218,R,102
3219,R,18
3220,R,61
3221,R,200
3222,R,64
3223,W,193
3224,W,34
3225,R,37
3226,W,108
3227,W,4
3228,W,197
3229,W,14
3230,R,23
3231,W,129
3232,R,10
3233,W,149
3234,R,154
3235,R,188
3236,W,52
3237,R,37
3238,W,46
3239,W,7
3240,R,75
3241,W,187
3242,W,22
3243,R,58
3244,W,134
3245,R,5
3246,R,128
3247,W,60
3248,R,139
3249,R,30
3250,W,92
3251,R,95
3252,R,177
3253,R,199
3254,R,43
3255,R,39
3256,W,132
3257,R,31
3258,W,168
3259,R,19
3260,W,137
3261,W,164
3262,W,66
3263,R,194
3264,R,149
3265,R,143
3266,W,47
3267,R,47
3268,R,129
3269,R,116
3270,R,138
3271,R,190
3272,R,40
3273,R,111
3274,R,94
3275,R,156
3276,W,143
3277,W,151
3278,R,193
3279,R,121
3280,R,76
3281,R,46
3282,W,73
3283,W,65
3284,W,16
3285,W,118
3286,R,153
3287,R,54
3288,W,4
3289,W,141
3290,W,133
3291,R,119
3292,W,143
3293,R,113
3294,R,1
3295,W,5
3296,R,149
3297,R,85
3298,W,117
3299,R,128
3300,W,121
3301,R,170
3302,R,139
3303,W,101
3304,R,28
3305,R,166
3306,R,71
3307,R,3
3308,W,178
3309,R,16
3310,R,102
3311,R,104
3312,R,28
3313,W,104
3314,W,199
3315,R,128
3316,W,8
3317,R,19
3318,R,20
3319,R,174
3320,W,147
3321,W,197
3322,R,97
3323,W,185
3324,W,47
3325,R,78
3326,R,148
3327,R,88
3328,W,132
3329,R,37
3330,W,75
3331,R,174
3332,W,27
3333,W,127
3334,W,80
3335,W,30
3336,W,5
3337,W,128
3338,W,80
3339,W,95
3340,R,72
3341,R,95
3342,W,79
3343,R,184
3344,R,130
3345,W,182
3346,R,189
3347,W,180
3348,R,147
3349,W,16
3350,R,187
3351,W,111
3352,R,87
3353,R,185
3354,R,102
3355,W,39
3356,W,153
3357,R,145
3358,R,147
3359,R,84
3360,W,145
3361,R,193
3362,R,57
3363,R,160
3364,W,46
3365,R,11
3366,R,129
3367,W,79
3368,W,92
3369,W,197
3370,W,57
3371,R,80
3372,R,199
3373,W,174
3374,W,92
3375,R,17
3376,R,182
3377,W,96
3378,W,163
3379,W,126
3380,W,80
3381,R,180
3382,W,126
3383,W,42
3384,R,1
3385,W,24
3386,R,131
3387,R,75
3388,W,150
3389,R,196
3390,W,182
3391,R,34
3392,R,36
3393,W,7
3394,R,159
3395,R,112
3396,W,164
3397,W,22
3398,R,159
3399,R,98
3400,R,114
3401,R,182
3402,R,106
3403,W,134
3404,W,153
3405,W,189
3406,R,149
3407,W,171
3408,W,152
3409,R,100
3410,W,185
3411,W,124
3412,W,15
3413,W,119
3414,R,22
3415,W,77
3416,R,114
3417,R,82
3418,R,40
3419,R,76
3420,R,148
3421,R,77
3422,R,101
3423,R,161
3424,R,101
3425,R,57
3426,R,117
3427,R,53
3428,W,21
3429,W,113
3430,R,88
3431,R,126
3432,R,86
3433,R,73
3434,R,123
3435,R,57
3436,R,68
3437,W,162
3438,R,18
3439,R,70
3440,W,16
3441,R,163
3442,R,151
3443,R,72
3444,R,24
3445,W,17
3446,W,9
3447,R,18
3448,R,41
3449,R,39
3450,W,125
3451,R,34
3452,R,69
3453,W,54
3454,W,185
3455,W,161
3456,W,92
3457,W,110
3458,W,131
3459,W,192
3460,R,23
3461,W,186
3462,W,21
3463,W,139
3464,W,31
3465,W,56
3466,W,84
3467,W,122
3468,R,138
3469,R,54
3470,W,196
3471,R,147
3472,W,30
3473,W,174
3474,R,117
3475,W,57
3476,R,36
3477,W,34
3478,R,129
3479,W,7
3480,W,21
3481,R,56
3482,R,123
3483,R,37
3484,W,48
3485,R,54
3486,R,16
3487,W,81
3488,R,130
3489,R,102
3490,W,81
3491,R,143
3492,W,187
3493,W,51
3494,R,159
3495,W,66
3496,R,47
3497,W,146
3498,R,85
3499,R,199
3500,W,114
3501,W,82
3502,W,145
3503,W,160
3504,R,147
3505,R,139
3506,R,67
3507,W,191
3508,W,161
3509,W,122
3510,W,140
3511,R,54
3512,W,32
3513,W,75
3514,W,160
3515,W,157
3516,R,109
3517,R,189
3518,R,140
3519,R,180
3520,W,149
3521,W,41
3522,R,56
3523,R,155
3524,W,26
3525,W,147
3526,W,29
3527,W,113
3528,R,53
3529,R,183
3530,R,167
3531,W,170
3532,R,84
3533,W,124
3534,R,51
3535,R,127
3536,W,157
3537,W,36
3538,R,154
3539,R,130
3540,R,9
3541,W,2
3542,R,100
3543,W,62
3544,R,42
3545,R,170
3546,W,77
3547,R,82
3548,W,140
3549,W,83
3550,R,156
3551,R,167
3552,R,127
3553,R,96
3554,W,198
3555,W,141
3556,W,114
3557,W,66
3558,R,6
3559,R,9
3560,R,113
3561,W,199
3562,W,120
3563,R,186
3564,W,8
3565,W,70
3566,W,121
3567,W,15
3568,W,150
3569,R,16
3570,R,56
3571,W,122
3572,W,139
3573,W,40
3574,R,56
3575,R,183
3576,W,1
3577,W,3
3578,R,99
3579,R,61
3580,R,37
3581,W,17
3582,W,96
3583,W,3
3584,W,7
3585,R,129
3586,W,69
3587,R,188
3588,R,157
3589,W,112
3590,W,20
3591,R,155
3592,W,180
3593,R,130
3594,R,194
3595,R,55
3596,R,175
3597,R,15
3598,R,179
3599,R,144
3600,R,157
3601,R,183
3602,R,183
3603,R,15
3604,R,94
3605,R,22
3606,R,48
3607,R,169
3608,R,70
3609,R,168
3610,R,137
3611,R,156
3612,R,65
3613,R,125
3614,R,48
3615,R,65
3616,R,52
3617,R,174
3618,R,12
3619,R,160
3620,R,26
3621,R,45
3622,R,111
3623,R,134
3624,R,36
3625,R,57
3626,R,172
3627,R,73
3628,R,199
3629,R,119
3630,R,185
3631,R,58
3632,R,98
3633,R,129
3634,R,6
3635,R,25
3636,R,44
3637,R,147
3638,R,20
3639,R,45
3640,R,42
3641,R,168
3642,R,183
3643,R,185
3644,R,14
3645,R,73
3646,R,12
3647,R,159
3648,R,192
3649,R,174
3650,R,91
3651,R,81
3652,R,97
3653,R,162
3654,R,53
3655,R,42
3656,R,155
3657,R,42
3658,R,102
3659,R,192
3660,R,58
3661,R,182
3662,R,195
3663,R,157
3664,R,157
3665,R,143
3666,R,53
3667,R,17
3668,R,132
3669,R,111
3670,R,156
3671,R,89
3672,R,43
3673,R,123
3674,R,189
3675,R,35
3676,R,142
3677,R,179
3678,R,140
3679,R,71
3680,R,155
3681,R,144
3682,R,178
3683,R,15
3684,R,122
3685,R,69
3686,R,31
3687,R,31
3688,R,23
3689,R,55
3690,R,104
3691,R,13
3692,R,22
3693,R,28
3694,R,170
3695,R,33
3696,R,38
3697,R,55
3698,R,100
3699,R,46
3700,R,95
3701,R,194
3702,R,17
3703,R,87
3704,R,115
3705,R,33
3706,R,35
3707,R,170
3708,R,159
3709,R,109
3710,R,121
3711,R,152
3712,R,83
3713,R,182
3714,R,169
3715,R,130
3716,R,141
3717,R,136
3718,R,6
3719,R,157
3720,R,178
3721,R,175
3722,R,18
3723,R,190
3724,R,109
3725,R,50
3726,R,100
3727,R,78
3728,R,173
3729,R,131
3730,R,92
3731,R,175
3732,R,131
3733,R,116
3734,R,137
3735,R,77
3736,R,113
3737,R,163
3738,R,129
3739,R,94
3740,R,91
3741,R,30
3742,R,97
3743,R,42
3744,R,49
3745,R,159
3746,R,104
3747,R,194
3748,R,115
3749,R,98
3750,R,200
3751,R,140
3752,R,3
3753,R,89
3754,R,149
3755,R,53
3756,R,190
3757,R,30
3758,R,99
3759,R,5
3760,R,107
3761,R,145
3762,R,163
3763,R,182
3764,R,105
3765,R,197
3766,R,54
3767,R,37
3768,R,5
3769,R,71
3770,R,8
3771,R,63
3772,R,185
3773,R,126
3774,R,22
3775,R,181
3776,R,86
3777,R,108
3778,R,192
3779,R,168
3780,R,26
3781,R,74
3782,R,39
3783,R,100
3784,R,90
3785,R,135
3786,R,119
3787,R,25
3788,R,65
3789,R,2
3790,R,94
3791,R,21
3792,R,78
3793,R,83
3794,R,186
3795,R,146
3796,R,186
3797,R,181
3798,R,127
3799,R,102
3800,R,183
3801,R,71
3802,R,110
3803,R,181
3804,R,9
3805,R,29
3806,R,55
3807,R,9
3808,R,88
3809,R,75
3810,R,111
3811,R,26
3812,R,92
3813,R,106
3814,R,74
3815,R,142
3816,R,7
3817,R,9
3818,R,10
3819,R,122
3820,R,158
3821,R,45
3822,R,45
3823,R,29
3824,R,72
3825,R,160
3826,R,18
3827,R,196
3828,R,69
3829,R,29
3830,R,172
3831,R,168
3832,R,55
3833,R,41
3834,R,45
3835,R,137
3836,R,124
3837,R,60
3838,R,84
3839,R,150
3840,R,113
3841,R,45
3842,R,23
3843,R,170
3844,R,120
3845,R,1
3846,R,185
3847,R,8
3848,R,42
3849,R,181
3850,R,28
3851,R,48
3852,R,54
3853,R,23
3854,R,120
3855,R,175
3856,R,184
3857,R,192
3858,R,10
3859,R,106
3860,R,106
3861,R,116
3862,R,85
3863,R,3
3864,R,125
3865,R,63
3866,R,148
3867,R,121
3868,R,152
3869,R,137
3870,R,165
3871,R,141
3872,R,200
3873,R,19
3874,R,79
3875,R,135
3876,R,6
3877,R,184
3878,R,188
3879,R,92
3880,R,44
3881,R,140
3882,R,167
3883,R,171
3884,R,15
3885,R,56
3886,R,175
3887,R,18
3888,R,198
3889,R,75
3890,R,138
3891,R,77
3892,R,184
3893,R,49
3894,R,34
3895,R,7
3896,R,50
3897,R,96
3898,R,171
3899,R,95
3900,R,47
3901,R,182
3902,R,50
3903,R,188
3904,R,109
3905,R,60
3906,R,119
3907,R,169
3908,R,174
3909,R,21
3910,R,107
3911,R,65
3912,R,35
3913,R,39
3914,R,114
3915,R,195
3916,R,11
3917,R,184
3918,R,18
3919,R,14
3920,R,18
3921,R,97
3922,R,98
3923,R,14
3924,R,42
3925,R,142
3926,R,155
3927,R,109
3928,R,108
3929,R,92
3930,R,66
3931,R,82
3932,R,111
3933,R,113
3934,R,107
3935,R,13
3936,R,104
3937,R,96
3938,R,151
3939,R,64
3940,R,192
3941,R,10
3942,R,158
3943,R,119
3944,R,81
3945,R,44
3946,R,21
3947,R,56
3948,R,96
3949,R,7
3950,R,105
3951,R,52
3952,R,76
3953,R,99
3954,R,146
3955,R,163
3956,R,173
3957,R,2
3958,R,185
3959,R,51
3960,R,29
3961,R,3
3962,R,1
3963,R,50
3964,R,2
3965,R,76
3966,R,33
3967,R,151
3968,R,25
3969,R,39
3970,R,71
3971,R,164
3972,R,28
3973,R,5
3974,R,198
3975,R,14
3976,R,29
3977,R,165
3978,R,49
3979,R,67
3980,R,16
3981,R,181
3982,R,29
3983,R,114
3984,R,92
3985,R,183
3986,R,18
3987,R,30
3988,R,114
3989,R,134
3990,R,162
3991,R,155
3992,R,28
3993,R,70
3994,R,56
3995,R,39
3996,R,31
3997,R,54
3998,R,186
3999,R,162
