0,W,491
1,W,289
2,R,388
3,W,369
4,R,369
5,W,272
6,R,379
7,W,176
8,W,112
9,W,211
10,R,219
11,R,254
12,W,359
13,R,468
14,R,238
15,W,375
16,W,437
17,R,56
18,W,357
19,R,178
20,R,318
21,W,142
22,W,283
23,W,146
24,R,198
25,R,273
26,W,396
27,R,214
28,W,462
29,R,381
30,W,169
31,R,230
32,R,132
33,R,19
34,R,24
35,W,467
36,R,492
37,W,98
38,W,443
39,W,88
40,R,83
41,R,18
42,R,295
43,R,191
44,R,268
45,R,88
46,R,102
47,W,60
48,R,119
49,R,207
50,W,94
51,W,362
52,W,387
53,R,483
54,W,290
55,R,10
56,W,157
57,R,381
58,R,46
59,R,477
60,R,98
61,R,91
62,R,256
63,W,27
64,R,227
65,R,11
66,W,415
67,R,60
68,R,267
69,W,317
70,W,388
71,R,352
72,W,62
73,R,483
74,W,266
75,R,136
76,W,242
77,R,354
78,W,152
79,W,312
80,R,118
81,W,384
82,W,39
83,R,21
84,R,437
85,W,65
86,W,403
87,W,86
88,R,281
89,R,39
90,W,246
91,W,288
92,W,134
93,W,4
94,W,194
95,R,104
96,W,81
97,R,244
98,W,381
99,R,268
100,W,288
101,R,470
102,R,389
103,W,196
104,R,126
105,R,138
106,W,195
107,R,73
108,W,461
109,R,9
110,R,449
111,R,273
112,R,213
113,W,130
114,R,322
115,R,23
116,R,171
117,R,484
118,R,234
119,R,365
120,W,269
121,W,483
122,W,405
123,W,102
124,R,55
125,R,306
126,R,122
127,W,392
128,W,77
129,W,383
130,R,17
131,W,269
132,R,120
133,R,60
134,W,312
135,W,455
136,W,479
137,W,38
138,W,115
139,W,369
140,W,356
141,R,70
142,W,425
143,W,61
144,R,93
145,R,53
146,W,448
147,W,413
148,W,243
149,R,385
150,R,16
151,W,72
152,W,438
153,W,84
154,W,454
155,W,288
156,R,500
157,W,69
158,W,417
159,W,391
160,R,217
161,R,36
162,R,380
163,W,385
164,W,134
165,R,336
166,W,41
167,W,341
168,R,476
169,R,192
170,R,222
171,R,481
172,R,39
173,R,420
174,W,435
175,R,360
176,W,405
177,R,163
178,W,220
179,W,171
180,W,2
181,W,20
182,W,33
183,R,266
184,R,376
185,R,2
186,W,362
187,W,54
188,R,194
189,W,126
190,R,263
191,W,443
192,R,110
193,R,390
194,R,158
195,R,388
196,W,48
197,W,481
198,W,413
199,W,235
200,W,450
201,W,363
202,W,19
203,W,384
204,W,272
205,W,116
206,W,188
207,W,83
208,W,95
209,W,134
210,W,83
211,W,404
212,W,427
213,W,312
214,W,97
215,W,120
216,W,398
217,W,179
218,W,21
219,W,455
220,W,268
221,W,209
222,W,415
223,W,2
224,W,471
225,W,206
226,W,178
227,W,323
228,W,119
229,W,109
230,W,340
231,W,277
232,W,261
233,W,473
234,W,79
235,W,139
236,W,156
237,W,46
238,W,63
239,W,370
240,W,424
241,W,138
242,W,224
243,W,341
244,W,100
245,W,94
246,W,359
247,W,234
248,W,233
249,W,161
250,W,82
251,W,296
252,W,332
253,W,185
254,W,210
255,W,440
256,W,153
257,W,71
258,W,201
259,W,18
260,W,310
261,W,477
262,W,34
263,W,131
264,W,204
265,W,75
266,W,269
267,W,294
268,W,250
269,W,465
270,W,273
271,W,428
272,W,435
273,W,120
274,W,389
275,W,494
276,W,498
277,W,494
278,W,500
279,W,439
280,W,209
281,W,364
282,W,114
283,W,369
284,W,243
285,W,432
286,W,243
287,W,406
288,W,416
289,W,162
290,W,67
291,W,344
292,W,266
293,W,368
294,W,10
295,W,456
296,W,424
297,W,440
298,W,395
299,W,440
300,W,412
301,W,186
302,W,302
303,W,210
304,W,50
305,W,300
306,W,360
307,W,326
308,W,204
309,W,403
310,W,31
311,W,200
312,W,353
313,W,338
314,W,372
315,W,29
316,W,380
317,W,447
318,W,499
319,W,336
320,W,315
321,W,287
322,W,143
323,W,55
324,W,251
325,W,68
326,W,172
327,W,497
328,W,460
329,W,146
330,W,486
331,W,126
332,W,351
333,W,28
334,W,242
335,W,20
336,W,357
337,W,442
338,W,41
339,W,186
340,W,223
341,W,338
342,W,197
343,W,425
344,W,109
345,W,380
346,W,485
347,W,352
348,W,473
349,W,89
350,W,466
351,W,194
352,W,375
353,W,117
354,W,262
355,W,308
356,W,296
357,W,182
358,W,254
359,W,229
360,W,485
361,W,189
362,W,269
363,W,144
364,W,150
365,W,388
366,W,316
367,W,477
368,W,485
369,W,365
370,W,117
371,W,57
372,W,166
373,W,471
374,W,454
375,W,357
376,W,467
377,W,245
378,W,437
379,W,148
380,W,403
381,W,175
382,W,291
383,W,11
384,W,132
385,W,297
386,W,343
387,W,241
388,W,466
389,W,477
390,W,166
391,W,217
392,W,7
393,W,463
394,W,90
395,W,469
396,W,286
397,W,70
398,W,372
399,W,98
400,W,206
401,W,93
402,W,68
403,W,20
404,W,94
405,W,481
406,W,305
407,W,305
408,W,89
409,W,227
410,W,75
411,W,323
412,W,65
413,W,492
414,W,203
415,W,304
416,W,333
417,W,314
418,W,43
419,W,114
420,W,180
421,W,130
422,W,228
423,W,345
424,W,449
425,W,274
426,W,449
427,W,170
428,W,331
429,W,473
430,W,399
431,W,323
432,W,100
433,W,396
434,W,393
435,W,215
436,W,175
437,W,357
438,W,495
439,W,4
440,W,379
441,W,339
442,W,88
443,W,129
444,W,80
445,W,14
446,W,362
447,W,232
448,W,271
449,W,321
450,W,462
451,W,111
452,W,303
453,W,397
454,W,29
455,W,440
456,W,384
457,W,58
458,W,348
459,W,22
460,W,236
461,W,342
462,W,285
463,W,475
464,W,426
465,W,52
466,W,453
467,W,182
468,W,145
469,W,14
470,W,76
471,W,283
472,W,235
473,W,336
474,W,428
475,W,468
476,W,392
477,W,142
478,W,399
479,W,284
480,W,489
481,W,442
482,W,171
483,W,403
484,W,347
485,W,125
486,W,33
487,W,35
488,W,268
489,W,224
490,W,9
491,W,94
492,W,326
493,W,445
494,W,10
495,W,227
496,W,353
497,W,125
498,W,220
499,W,260
500,W,51
501,W,181
502,W,423
503,W,342
504,W,79
505,W,251
506,W,350
507,W,286
508,W,4
509,W,399
510,W,187
511,W,483
512,W,52
513,W,64
514,W,487
515,W,331
516,W,180
517,W,159
518,W,228
519,W,221
520,W,312
521,W,280
522,W,144
523,W,38
524,W,497
525,W,89
526,W,81
527,W,418
528,W,468
529,W,296
530,W,497
531,W,437
532,W,389
533,W,194
534,W,276
535,W,92
536,W,347
537,W,152
538,W,183
539,W,263
540,W,497
541,W,490
542,W,109
543,W,379
544,W,20
545,W,416
546,W,81
547,W,346
548,W,349
549,W,26
550,W,241
551,W,123
552,W,341
553,W,465
554,W,242
555,W,145
556,W,236
557,W,71
558,W,51
559,W,457
560,W,184
561,W,69
562,W,293
563,W,186
564,W,61
565,W,148
566,W,285
567,W,114
568,W,292
569,W,350
570,W,226
571,W,148
572,W,494
573,W,379
574,W,62
575,W,425
576,W,448
577,W,90
578,W,374
579,W,53
580,W,226
581,W,111
582,W,221
583,W,133
584,W,486
585,W,1
586,W,119
587,W,168
588,W,295
589,W,127
590,W,275
591,W,408
592,W,108
593,W,76
594,W,363
595,W,487
596,W,145
597,W,372
598,W,220
599,W,376
600,W,346
601,W,486
602,W,253
603,W,153
604,W,356
605,W,465
606,W,438
607,W,320
608,W,485
609,W,237
610,W,266
611,W,144
612,W,304
613,W,166
614,W,479
615,W,59
616,W,424
617,W,393
618,W,383
619,W,347
620,W,240
621,W,500
622,W,402
623,W,66
624,W,386
625,W,256
626,W,260
627,W,172
628,W,273
629,W,309
630,W,494
631,W,309
632,W,396
633,W,411
634,W,285
635,W,169
636,W,211
637,W,341
638,W,152
639,W,334
640,W,342
641,W,30
642,W,21
643,W,354
644,W,107
645,W,474
646,W,288
647,W,240
648,W,339
649,W,455
650,W,253
651,W,109
652,W,293
653,W,14
654,W,272
655,W,224
656,W,391
657,W,337
658,W,256
659,W,200
660,W,82
661,W,260
662,W,198
663,W,298
664,W,327
665,W,98
666,W,313
667,W,397
668,W,82
669,W,291
670,W,65
671,W,436
672,W,329
673,W,69
674,W,154
675,W,372
676,W,423
677,W,20
678,W,459
679,W,316
680,W,242
681,W,491
682,W,201
683,W,219
684,W,359
685,W,375
686,W,60
687,W,421
688,W,102
689,W,489
690,W,158
691,W,160
692,W,464
693,W,441
694,W,205
695,W,246
696,W,471
697,W,199
698,W,3
699,W,273
700,W,98
701,W,74
702,W,164
703,W,245
704,W,87
705,W,369
706,W,105
707,W,230
708,W,427
709,W,180
710,W,262
711,W,112
712,W,354
713,W,193
714,W,97
715,W,448
716,W,45
717,W,117
718,W,59
719,W,239
720,W,353
721,W,234
722,W,59
723,W,71
724,W,139
725,W,252
726,W,418
727,W,130
728,W,471
729,W,369
730,W,479
731,W,476
732,W,35
733,W,455
734,W,331
735,W,182
736,W,251
737,W,151
738,W,395
739,W,275
740,W,148
741,W,473
742,W,470
743,W,192
744,W,247
745,W,448
746,W,74
747,W,161
748,W,212
749,W,416
750,W,108
751,W,315
752,W,441
753,W,20
754,W,235
755,W,414
756,W,82
757,W,160
758,W,106
759,W,334
760,W,412
761,W,321
762,W,178
763,W,239
764,W,404
765,W,197
766,W,83
767,W,99
768,W,263
769,W,2
770,W,120
771,W,296
772,W,25
773,W,24
774,W,166
775,W,12
776,W,160
777,W,413
778,W,303
779,W,254
780,W,263
781,W,182
782,W,32
783,W,376
784,W,465
785,W,460
786,W,161
787,W,256
788,W,421
789,W,441
790,W,181
791,W,45
792,W,302
793,W,359
794,W,40
795,W,474
796,W,378
797,W,29
798,W,171
799,W,47
800,W,152
801,W,83
802,W,44
803,W,260
804,W,179
805,W,192
806,W,404
807,W,447
808,W,414
809,W,87
810,W,178
811,W,414
812,W,223
813,W,332
814,W,359
815,W,460
816,W,234
817,W,74
818,W,238
819,W,163
820,W,246
821,W,93
822,W,299
823,W,304
824,W,284
825,W,458
826,W,485
827,W,108
828,W,88
829,W,19
830,W,253
831,W,439
832,W,381
833,W,466
834,W,102
835,W,228
836,W,53
837,W,450
838,W,41
839,W,234
840,W,400
841,W,323
842,W,412
843,W,182
844,W,112
845,W,309
846,W,432
847,W,439
848,W,248
849,W,58
850,W,185
851,W,33
852,W,119
853,W,245
854,W,19
855,W,371
856,W,242
857,W,35
858,W,392
859,W,482
860,W,135
861,W,398
862,W,498
863,W,490
864,W,447
865,W,126
866,W,487
867,W,100
868,W,417
869,W,246
870,W,284
871,W,356
872,W,467
873,W,225
874,W,460
875,W,90
876,W,233
877,W,491
878,W,140
879,W,371
880,W,334
881,W,407
882,W,295
883,W,94
884,W,212
885,W,52
886,W,25
887,W,61
888,W,486
889,W,237
890,W,142
891,W,415
892,W,267
893,W,171
894,W,257
895,W,57
896,W,201
897,W,348
898,W,214
899,W,463
900,W,69
901,W,111
902,W,434
903,W,366
904,W,87
905,W,72
906,W,83
907,W,305
908,W,432
909,W,419
910,W,371
911,W,222
912,W,85
913,W,397
914,W,188
915,W,419
916,W,54
917,W,276
918,W,370
919,W,327
920,W,26
921,W,93
922,W,122
923,W,336
924,W,303
925,W,466
926,W,431
927,W,496
928,W,124
929,W,39
930,W,32
931,W,166
932,W,425
933,W,330
934,W,259
935,W,300
936,W,323
937,W,101
938,W,189
939,W,280
940,W,202
941,W,92
942,W,212
943,W,420
944,W,484
945,W,90
946,W,203
947,W,444
948,W,77
949,W,2
950,W,110
951,W,176
952,W,346
953,W,239
954,W,149
955,W,153
956,W,140
957,W,466
958,W,411
959,W,434
960,W,380
961,W,368
962,W,277
963,W,137
964,W,198
965,W,243
966,W,22
967,W,117
968,W,360
969,W,456
970,W,329
971,W,126
972,W,329
973,W,71
974,W,324
975,W,442
976,W,20
977,W,40
978,W,277
979,W,48
980,W,96
981,W,253
982,W,373
983,W,225
984,W,248
985,W,279
986,W,390
987,W,373
988,W,202
989,W,236
990,W,383
991,W,456
992,W,153
993,W,495
994,W,492
995,W,335
996,W,396
997,W,329
998,W,276
999,W,54
1000,R,54
1001,W,40
1002,W,68
1003,W,40
1004,W,17
1005,R,92
1006,W,19
1007,W,36
1008,R,73
1009,W,71
1010,R,6
1011,R,56
1012,R,84
1013,W,78
1014,W,34
1015,R,38
1016,R,94
1017,R,84
1018,R,19
1019,W,49
1020,W,28
1021,R,27
1022,W,84
1023,R,94
1024,W,82
1025,W,40
1026,R,62
1027,W,37
1028,R,42
1029,W,85
1030,W,60
1031,W,26
1032,R,40
1033,W,98
1034,W,46
1035,W,58
1036,R,2
1037,W,42
1038,R,56
1039,W,94
1040,W,18
1041,W,64
1042,W,1
1043,R,44
1044,R,69
1045,R,37
1046,R,42
1047,W,10
1048,W,32
1049,W,46
1050,W,10
1051,W,16
1052,R,91
1053,R,80
1054,R,89
1055,W,31
1056,R,83
1057,R,42
1058,W,10
1059,W,26
1060,R,97
1061,R,90
1062,W,71
1063,R,2
1064,W,47
1065,W,33
1066,R,30
1067,R,43
1068,R,7
1069,W,10
1070,R,56
1071,R,39
1072,W,36
1073,R,51
1074,R,23
1075,R,63
1076,W,38
1077,R,13
1078,W,24
1079,R,86
1080,R,7
1081,W,90
1082,W,15
1083,R,71
1084,W,50
1085,R,3
1086,W,40
1087,W,84
1088,R,42
1089,R,93
1090,W,62
1091,R,91
1092,R,41
1093,W,1
1094,R,97
1095,R,98
1096,R,90
1097,W,66
1098,R,49
1099,R,76
1100,R,33
1101,R,35
1102,R,10
1103,R,35
1104,R,83
1105,R,84
1106,R,75
1107,R,74
1108,W,8
1109,R,83
1110,W,97
1111,R,14
1112,W,27
1113,W,96
1114,W,35
1115,W,26
1116,W,66
1117,W,3
1118,R,98
1119,R,28
1120,W,68
1121,R,82
1122,W,51
1123,W,100
1124,W,81
1125,R,98
1126,R,97
1127,R,13
1128,R,10
1129,R,93
1130,W,14
1131,W,69
1132,W,91
1133,R,18
1134,W,67
1135,R,43
1136,W,74
1137,W,50
1138,R,94
1139,W,40
1140,R,55
1141,W,99
1142,W,33
1143,W,25
1144,W,79
1145,W,100
1146,W,78
1147,R,21
1148,R,67
1149,R,89
1150,R,14
1151,R,40
1152,W,64
1153,R,49
1154,R,76
1155,R,68
1156,W,66
1157,R,48
1158,W,68
1159,W,4
1160,R,79
1161,W,49
1162,R,98
1163,R,65
1164,W,58
1165,R,59
1166,W,78
1167,W,99
1168,R,94
1169,R,65
1170,R,76
1171,R,42
1172,W,10
1173,R,80
1174,R,55
1175,W,36
1176,R,80
1177,R,33
1178,W,43
1179,R,95
1180,W,32
1181,W,73
1182,W,93
1183,R,12
1184,W,56
1185,W,50
1186,W,27
1187,W,56
1188,W,3
1189,R,88
1190,W,6
1191,R,47
1192,W,28
1193,R,43
1194,R,9
1195,W,1
1196,W,94
1197,W,94
1198,W,61
1199,W,51
1200,R,98
1201,R,75
1202,R,48
1203,R,96
1204,W,70
1205,R,67
1206,W,72
1207,R,46
1208,R,18
1209,W,47
1210,R,59
1211,R,28
1212,R,94
1213,W,50
1214,W,98
1215,R,68
1216,R,37
1217,W,88
1218,W,52
1219,R,19
1220,R,50
1221,W,50
1222,R,30
1223,W,29
1224,W,26
1225,R,10
1226,W,46
1227,W,12
1228,R,18
1229,W,46
1230,R,54
1231,W,18
1232,R,40
1233,R,6
1234,R,63
1235,R,90
1236,R,6
1237,R,99
1238,W,56
1239,R,4
1240,W,76
1241,W,40
1242,W,58
1243,R,37
1244,R,97
1245,R,33
1246,R,35
1247,W,90
1248,W,62
1249,W,12
1250,W,81
1251,R,75
1252,W,16
1253,R,21
1254,R,33
1255,R,95
1256,W,25
1257,R,20
1258,W,18
1259,R,75
1260,W,51
1261,R,99
1262,W,9
1263,R,45
1264,W,1
1265,R,98
1266,R,49
1267,W,23
1268,R,7
1269,W,45
1270,W,46
1271,R,42
1272,R,7
1273,R,86
1274,W,63
1275,W,94
1276,W,12
1277,R,89
1278,W,25
1279,W,85
1280,R,84
1281,R,13
1282,W,55
1283,W,77
1284,R,76
1285,W,6
1286,R,82
1287,R,9
1288,W,68
1289,W,82
1290,W,57
1291,R,98
1292,W,68
1293,R,70
1294,R,91
1295,W,83
1296,W,4
1297,W,40
1298,W,69
1299,R,79
1300,R,61
1301,W,89
1302,R,99
1303,W,63
1304,W,15
1305,W,49
1306,R,99
1307,R,43
1308,W,36
1309,R,71
1310,R,35
1311,R,15
1312,W,67
1313,W,100
1314,R,29
1315,R,64
1316,R,88
1317,W,1
1318,R,82
1319,R,26
1320,R,16
1321,R,51
1322,R,10
1323,W,24
1324,R,15
1325,W,51
1326,W,72
1327,W,85
1328,R,55
1329,R,20
1330,W,16
1331,W,35
1332,W,71
1333,W,42
1334,W,30
1335,R,96
1336,W,15
1337,W,43
1338,R,61
1339,R,43
1340,W,20
1341,W,67
1342,W,3
1343,W,85
1344,R,34
1345,R,29
1346,R,65
1347,R,50
1348,R,40
1349,R,81
1350,R,13
1351,R,83
1352,W,68
1353,R,61
1354,R,42
1355,R,2
1356,R,85
1357,R,18
1358,W,11
1359,R,91
1360,R,34
1361,W,30
1362,W,29
1363,R,3
1364,R,74
1365,R,21
1366,W,24
1367,W,17
1368,R,47
1369,R,61
1370,W,98
1371,W,67
1372,R,97
1373,W,52
1374,R,49
1375,W,71
1376,R,78
1377,R,39
1378,W,28
1379,R,52
1380,R,49
1381,R,50
1382,W,58
1383,W,87
1384,W,21
1385,W,32
1386,W,40
1387,W,68
1388,R,65
1389,R,90
1390,R,81
1391,R,56
1392,W,22
1393,W,97
1394,W,17
1395,R,23
1396,W,66
1397,W,61
1398,W,61
1399,W,25
1400,R,1
1401,R,58
1402,R,98
1403,R,62
1404,R,95
1405,W,23
1406,R,39
1407,W,64
1408,W,67
1409,R,63
1410,R,97
1411,W,61
1412,W,19
1413,W,58
1414,W,22
1415,W,35
1416,W,19
1417,W,98
1418,R,97
1419,R,37
1420,R,29
1421,W,64
1422,R,66
1423,W,73
1424,W,51
1425,R,65
1426,W,64
1427,R,70
1428,W,2
1429,R,79
1430,R,96
1431,R,81
1432,R,55
1433,R,16
1434,R,97
1435,W,77
1436,W,17
1437,W,72
1438,R,3
1439,R,28
1440,R,36
1441,R,44
1442,W,73
1443,W,86
1444,R,66
1445,W,23
1446,W,93
1447,R,86
1448,R,21
1449,R,85
1450,R,89
1451,R,14
1452,W,13
1453,R,99
1454,R,69
1455,R,62
1456,W,65
1457,R,52
1458,R,49
1459,R,37
1460,R,99
1461,W,19
1462,R,62
1463,W,72
1464,W,77
1465,R,92
1466,R,1
1467,R,48
1468,R,100
1469,W,46
1470,W,33
1471,R,73
1472,W,22
1473,R,23
1474,R,88
1475,R,2
1476,W,13
1477,W,69
1478,R,62
1479,R,94
1480,W,48
1481,R,9
1482,W,31
1483,R,2
1484,R,91
1485,W,80
1486,R,31
1487,R,14
1488,R,99
1489,W,48
1490,R,9
1491,W,55
1492,R,56
1493,R,25
1494,R,34
1495,W,19
1496,W,93
1497,W,13
1498,W,17
1499,R,46
1500,W,16
1501,R,90
1502,R,26
1503,R,33
1504,W,72
1505,R,68
1506,R,69
1507,R,26
1508,W,33
1509,W,29
1510,W,86
1511,W,5
1512,R,63
1513,W,83
1514,R,40
1515,W,99
1516,R,65
1517,R,75
1518,R,12
1519,W,18
1520,W,53
1521,W,1
1522,R,16
1523,W,97
1524,R,86
1525,W,68
1526,W,37
1527,W,10
1528,W,9
1529,W,100
1530,R,83
1531,W,100
1532,R,44
1533,R,91
1534,R,6
1535,W,12
1536,W,63
1537,W,39
1538,W,33
1539,R,30
1540,W,13
1541,W,7
1542,R,64
1543,W,71
1544,W,88
1545,W,95
1546,R,51
1547,R,74
1548,R,67
1549,R,19
1550,W,87
1551,R,77
1552,W,57
1553,W,52
1554,W,9
1555,R,86
1556,R,13
1557,W,4
1558,W,99
1559,W,96
1560,R,53
1561,W,81
1562,W,96
1563,R,53
1564,W,61
1565,W,42
1566,R,37
1567,R,51
1568,R,75
1569,R,51
1570,R,72
1571,W,94
1572,R,86
1573,R,7
1574,R,34
1575,R,77
1576,W,68
1577,W,77
1578,R,18
1579,R,38
1580,R,26
1581,W,53
1582,W,4
1583,R,100
1584,R,69
1585,W,77
1586,R,13
1587,W,72
1588,R,20
1589,W,66
1590,R,88
1591,R,34
1592,W,78
1593,W,51
1594,W,12
1595,R,71
1596,R,34
1597,W,59
1598,R,30
1599,R,34
1600,W,35
1601,R,60
1602,W,69
1603,W,49
1604,W,8
1605,R,8
1606,W,73
1607,R,15
1608,R,66
1609,W,68
1610,W,46
1611,W,5
1612,W,98
1613,W,76
1614,W,1
1615,R,59
1616,R,1
1617,W,56
1618,R,35
1619,W,5
1620,W,24
1621,R,42
1622,W,75
1623,R,20
1624,W,24
1625,R,51
1626,W,82
1627,R,23
1628,R,81
1629,W,17
1630,W,73
1631,R,25
1632,W,28
1633,W,99
1634,R,64
1635,R,7
1636,W,66
1637,R,86
1638,R,16
1639,W,44
1640,W,44
1641,R,56
1642,R,18
1643,R,19
1644,W,6
1645,W,69
1646,W,44
1647,R,41
1648,R,15
1649,W,40
1650,W,64
1651,W,41
1652,W,61
1653,R,100
1654,W,56
1655,W,53
1656,W,42
1657,R,52
1658,W,98
1659,R,60
1660,R,39
1661,W,5
1662,W,64
1663,R,23
1664,W,13
1665,W,88
1666,R,47
1667,W,22
1668,R,89
1669,R,59
1670,R,33
1671,R,49
1672,R,31
1673,R,15
1674,R,64
1675,R,13
1676,R,91
1677,R,12
1678,W,9
1679,R,83
1680,R,56
1681,R,97
1682,W,84
1683,W,49
1684,W,22
1685,R,91
1686,R,45
1687,W,90
1688,R,41
1689,R,19
1690,W,46
1691,R,76
1692,R,59
1693,R,74
1694,W,73
1695,R,53
1696,W,44
1697,W,55
1698,R,44
1699,R,92
1700,R,72
1701,R,69
1702,W,20
1703,R,2
1704,R,38
1705,W,22
1706,W,44
1707,W,47
1708,R,33
1709,W,84
1710,R,62
1711,R,64
1712,R,27
1713,R,57
1714,W,2
1715,W,29
1716,R,12
1717,R,100
1718,W,59
1719,W,38
1720,R,85
1721,W,16
1722,R,28
1723,W,55
1724,R,43
1725,W,18
1726,W,88
1727,R,2
1728,W,70
1729,R,51
1730,R,79
1731,R,5
1732,W,60
1733,R,72
1734,W,14
1735,R,18
1736,R,46
1737,W,72
1738,W,52
1739,R,37
1740,R,23
1741,W,18
1742,W,52
1743,W,97
1744,R,6
1745,W,62
1746,R,43
1747,W,100
1748,W,74
1749,R,14
1750,W,89
1751,R,34
1752,R,53
1753,R,30
1754,R,32
1755,W,67
1756,R,59
1757,R,58
1758,W,62
1759,R,43
1760,W,46
1761,W,17
1762,W,2
1763,R,10
1764,W,61
1765,W,90
1766,W,87
1767,W,86
1768,W,98
1769,W,15
1770,W,30
1771,W,34
1772,W,58
1773,W,10
1774,W,14
1775,W,50
1776,W,78
1777,W,64
1778,W,99
1779,W,47
1780,W,13
1781,W,62
1782,W,17
1783,W,66
1784,W,30
1785,W,26
1786,W,44
1787,W,30
1788,W,8
1789,W,37
1790,W,83
1791,W,79
1792,W,34
1793,W,12
1794,W,11
1795,W,95
1796,W,94
1797,W,12
1798,W,3
1799,W,90
1800,W,56
1801,W,44
1802,W,34
1803,W,70
1804,W,46
1805,W,51
1806,W,54
1807,W,67
1808,W,98
1809,W,88
1810,W,89
1811,W,82
1812,W,49
1813,W,52
1814,W,52
1815,W,65
1816,W,28
1817,W,36
1818,W,33
1819,W,88
1820,W,66
1821,W,81
1822,W,91
1823,W,8
1824,W,98
1825,W,57
1826,W,58
1827,W,19
1828,W,24
1829,W,41
1830,W,29
1831,W,73
1832,W,25
1833,W,70
1834,W,33
1835,W,59
1836,W,62
1837,W,18
1838,W,5
1839,W,11
1840,W,83
1841,W,46
1842,W,50
1843,W,56
1844,W,61
1845,W,75
1846,W,33
1847,W,16
1848,W,50
1849,W,71
1850,W,34
1851,W,42
1852,W,77
1853,W,71
1854,W,69
1855,W,36
1856,W,88
1857,W,48
1858,W,56
1859,W,80
1860,W,43
1861,W,59
1862,W,77
1863,W,39
1864,W,88
1865,W,74
1866,W,47
1867,W,15
1868,W,43
1869,W,83
1870,W,6
1871,W,66
1872,W,57
1873,W,42
1874,W,13
1875,W,6
1876,W,66
1877,W,88
1878,W,85
1879,W,19
1880,W,100
1881,W,64
1882,W,21
1883,W,8
1884,W,8
1885,W,30
1886,W,49
1887,W,63
1888,W,46
1889,W,52
1890,W,97
1891,W,11
1892,W,26
1893,W,43
1894,W,77
1895,W,30
1896,W,91
1897,W,8
1898,W,68
1899,W,94
1900,W,64
1901,W,21
1902,W,22
1903,W,98
1904,W,15
1905,W,99
1906,W,63
1907,W,91
1908,W,4
1909,W,31
1910,W,88
1911,W,69
1912,W,68
1913,W,46
1914,W,55
1915,W,25
1916,W,31
1917,W,19
1918,W,25
1919,W,26
1920,W,80
1921,W,66
1922,W,36
1923,W,26
1924,W,90
1925,W,76
1926,W,47
1927,W,56
1928,W,15
1929,W,67
1930,W,23
1931,W,73
1932,W,98
1933,W,40
1934,W,53
1935,W,80
1936,W,90
1937,W,41
1938,W,52
1939,W,12
1940,W,14
1941,W,79
1942,W,21
1943,W,3
1944,W,100
1945,W,55
1946,W,35
1947,W,26
1948,W,52
1949,W,97
1950,W,23
1951,W,13
1952,W,87
1953,W,33
1954,W,94
1955,W,53
1956,W,74
1957,W,15
1958,W,51
1959,W,53
1960,W,35
1961,W,32
1962,W,24
1963,W,68
1964,W,81
1965,W,82
1966,W,74
1967,W,91
1968,W,53
1969,W,2
1970,W,79
1971,W,73
1972,W,60
1973,W,48
1974,W,5
1975,W,44
1976,W,72
1977,W,92
1978,W,22
1979,W,83
1980,W,5
1981,W,46
1982,W,39
1983,W,71
1984,W,43
1985,W,74
1986,W,55
1987,W,84
1988,W,20
1989,W,87
1990,W,83
1991,W,31
1992,W,12
1993,W,55
1994,W,65
1995,W,43
1996,W,88
1997,W,13
1998,W,22
1999,W,1
2000,W,93
2001,W,24
2002,W,77
2003,W,70
2004,W,92
2005,W,16
2006,W,16
2007,W,85
2008,W,90
2009,W,12
2010,W,64
2011,W,3
2012,W,18
2013,W,47
2014,W,54
2015,W,53
2016,W,20
2017,W,77
2018,W,50
2019,W,42
2020,W,73
2021,W,42
2022,W,52
2023,W,64
2024,W,29
2025,W,19
2026,W,23
2027,W,49
2028,W,80
2029,W,45
2030,W,16
2031,W,51
2032,W,50
2033,W,43
2034,W,18
2035,W,42
2036,W,24
2037,W,97
2038,W,5
2039,W,50
2040,W,19
2041,W,1
2042,W,40
2043,W,91
2044,W,36
2045,W,43
2046,W,80
2047,W,55
2048,W,37
2049,W,58
2050,W,36
2051,W,68
2052,W,56
2053,W,49
2054,W,45
2055,W,4
2056,W,60
2057,W,65
2058,W,45
2059,W,14
2060,W,52
2061,W,76
2062,W,9
2063,W,64
2064,W,11
2065,W,16
2066,W,73
2067,W,69
2068,W,33
2069,W,48
2070,W,81
2071,W,98
2072,W,30
2073,W,35
2074,W,71
2075,W,23
2076,W,43
2077,W,84
2078,W,45
2079,W,68
2080,W,6
2081,W,68
2082,W,33
2083,W,97
2084,W,31
2085,W,47
2086,W,88
2087,W,56
2088,W,82
2089,W,72
2090,W,77
2091,W,96
2092,W,49
2093,W,55
2094,W,89
2095,W,53
2096,W,29
2097,W,31
2098,W,47
2099,W,60
2100,W,66
2101,W,64
2102,W,15
2103,W,78
2104,W,93
2105,W,43
2106,W,32
2107,W,86
2108,W,27
2109,W,6
2110,W,80
2111,W,17
2112,W,12
2113,W,87
2114,W,100
2115,W,70
2116,W,42
2117,W,10
2118,W,26
2119,W,12
2120,W,62
2121,W,53
2122,W,20
2123,W,61
2124,W,95
2125,W,13
2126,W,8
2127,W,2
2128,W,92
2129,W,56
2130,W,67
2131,W,19
2132,W,56
2133,W,54
2134,W,52
2135,W,34
2136,W,45
2137,W,85
2138,W,40
2139,W,24
2140,W,75
2141,W,23
2142,W,21
2143,W,21
2144,W,27
2145,W,12
2146,W,94
2147,W,47
2148,W,19
2149,W,63
2150,W,14
2151,W,47
2152,W,50
2153,W,60
2154,W,85
2155,W,1
2156,W,86
2157,W,16
2158,W,1
2159,W,46
2160,W,55
2161,W,70
2162,W,30
2163,W,6
2164,W,50
2165,W,73
2166,W,24
2167,W,49
2168,W,65
2169,W,89
2170,W,83
2171,W,59
2172,W,51
2173,W,57
2174,W,74
2175,W,5
2176,W,71
2177,W,3
2178,W,58
2179,W,39
2180,W,83
2181,W,89
2182,W,73
2183,W,82
2184,W,91
2185,W,60
2186,W,77
2187,W,93
2188,W,93
2189,W,89
2190,W,92
2191,W,86
2192,W,99
2193,W,5
2194,W,72
2195,W,88
2196,W,70
2197,W,62
2198,W,94
2199,W,28
2200,W,18
2201,W,58
2202,W,96
2203,W,53
2204,W,37
2205,W,64
2206,W,32
2207,W,49
2208,W,95
2209,W,68
2210,W,65
2211,W,91
2212,W,29
2213,W,53
2214,W,6
2215,W,9
2216,W,92
2217,W,18
2218,W,68
2219,W,37
2220,W,72
2221,W,23
2222,W,50
2223,W,38
2224,W,31
2225,W,35
2226,W,96
2227,W,66
2228,W,41
2229,W,61
2230,W,99
2231,W,58
2232,W,48
2233,W,77
2234,W,60
2235,W,59
2236,W,15
2237,W,53
2238,W,78
2239,W,60
2240,W,72
2241,W,74
2242,W,31
2243,W,39
2244,W,59
2245,W,47
2246,W,79
2247,W,23
2248,W,6
2249,W,90
2250,W,9
2251,W,45
2252,W,56
2253,W,63
2254,W,55
2255,W,73
2256,W,16
2257,W,38
2258,W,11
2259,W,3
2260,W,38
2261,W,69
2262,W,14
2263,W,20
2264,W,2
2265,W,49
2266,W,95
2267,W,8
2268,W,89
2269,W,64
2270,W,70
2271,W,11
2272,W,1
2273,W,10
2274,W,35
2275,W,78
2276,W,82
2277,W,78
2278,W,6
2279,W,25
2280,W,28
2281,W,31
2282,W,89
2283,W,52
2284,W,25
2285,W,81
2286,W,79
2287,W,44
2288,W,10
2289,W,78
2290,W,33
2291,W,32
2292,W,99
2293,W,92
2294,W,24
2295,W,22
2296,W,53
2297,W,31
2298,W,100
2299,W,33
2300,W,57
2301,W,73
2302,W,21
2303,W,22
2304,W,83
2305,W,75
2306,W,46
2307,W,85
2308,W,81
2309,W,99
2310,W,59
2311,W,26
2312,W,56
2313,W,73
2314,W,4
2315,W,74
2316,W,83
2317,W,60
2318,W,85
2319,W,98
2320,W,9
2321,W,36
2322,W,1
2323,W,100
2324,W,80
2325,W,63
2326,W,9
2327,W,87
2328,W,88
2329,W,30
2330,W,56
2331,W,33
2332,W,36
2333,W,47
2334,W,10
2335,W,84
2336,W,38
2337,W,54
2338,W,31
2339,W,11
2340,W,33
2341,W,17
2342,W,87
2343,W,32
2344,W,51
2345,W,50
2346,W,49
2347,W,61
2348,W,53
2349,W,73
2350,W,34
2351,W,32
2352,W,56
2353,W,64
2354,W,8
2355,W,1
2356,W,7
2357,W,76
2358,W,37
2359,W,16
2360,W,57
2361,W,84
2362,W,99
2363,W,21
2364,W,17
2365,W,70
2366,W,82
2367,W,66
2368,W,5
2369,W,51
2370,W,7
2371,W,89
2372,W,2
2373,W,93
2374,W,38
2375,W,12
2376,W,36
2377,W,48
2378,W,69
2379,W,59
2380,W,20
2381,W,47
2382,W,53
2383,W,26
2384,W,23
2385,W,38
2386,W,89
2387,W,5
2388,W,90
2389,W,35
2390,W,35
2391,W,45
2392,W,97
2393,W,19
2394,W,92
2395,W,65
2396,W,22
2397,W,80
2398,W,41
2399,W,55
2400,W,45
2401,W,25
2402,W,62
2403,W,43
2404,W,35
2405,W,91
2406,W,55
2407,W,17
2408,W,29
2409,W,64
2410,W,63
2411,W,48
2412,W,15
2413,W,27
2414,W,15
2415,W,19
2416,W,91
2417,W,85
2418,W,17
2419,W,60
2420,W,13
2421,W,100
2422,W,51
2423,W,81
2424,W,99
2425,W,3
2426,W,31
2427,W,4
2428,W,32
2429,W,59
2430,W,18
2431,W,52
2432,W,58
2433,W,97
2434,W,87
2435,W,16
2436,W,73
2437,W,82
2438,W,79
2439,W,21
2440,W,3
2441,W,21
2442,W,20
2443,W,86
2444,W,19
2445,W,53
2446,W,40
2447,W,36
2448,W,4
2449,W,77
2450,W,80
2451,W,43
2452,W,25
2453,W,66
2454,W,51
2455,W,93
2456,W,1
2457,W,93
2458,W,90
2459,W,75
2460,W,58
2461,W,99
2462,W,98
2463,W,21
2464,W,67
2465,W,70
2466,W,83
2467,W,17
2468,W,35
2469,W,31
2470,W,70
2471,W,8
2472,W,61
2473,W,12
2474,W,44
2475,W,6
2476,W,32
2477,W,97
2478,W,47
2479,W,16
2480,W,74
2481,W,24
2482,W,49
2483,W,42
2484,W,98
2485,W,38
2486,W,52
2487,W,12
2488,W,39
2489,W,49
2490,W,47
2491,W,46
2492,W,53
2493,W,73
2494,W,53
2495,W,70
2496,W,57
2497,W,66
2498,W,6
2499,W,66
2500,W,98
2501,W,78
2502,W,23
2503,W,4
2504,W,68
2505,W,88
2506,W,62
2507,W,3
2508,W,45
2509,W,78
2510,W,77
2511,W,29
2512,W,52
2513,W,32
2514,W,77
2515,W,80
2516,W,36
2517,W,31
2518,W,97
2519,W,7
2520,W,71
2521,W,14
2522,W,2
2523,W,68
2524,W,12
2525,W,73
2526,W,46
2527,W,78
2528,W,75
2529,W,46
2530,W,47
2531,W,14
2532,W,50
2533,W,46
2534,W,31
2535,W,74
2536,W,95
2537,W,18
2538,W,83
2539,W,39
2540,W,39
2541,W,16
2542,W,21
2543,W,72
2544,W,30
2545,W,85
2546,W,88
2547,W,66
2548,W,74
2549,W,70
2550,W,68
2551,W,54
2552,W,30
2553,W,53
2554,W,93
2555,W,42
2556,W,1
2557,W,47
2558,W,50
2559,W,37
2560,W,10
2561,W,97
2562,W,63
2563,W,22
2564,W,50
2565,W,44
2566,W,65
2567,W,33
2568,W,24
2569,W,62
2570,W,23
2571,W,63
2572,W,29
2573,W,24
2574,W,20
2575,W,12
2576,W,22
2577,W,76
2578,W,5
2579,W,60
2580,W,56
2581,W,75
2582,W,30
2583,W,88
2584,W,91
2585,W,54
2586,W,73
2587,W,32
2588,W,81
2589,W,22
2590,W,12
2591,W,20
2592,W,58
2593,W,73
2594,W,74
2595,W,49
2596,W,7
2597,W,51
2598,W,10
2599,W,19
2600,W,76
2601,W,52
2602,W,41
2603,W,46
2604,W,45
2605,W,38
2606,W,22
2607,W,19
2608,W,34
2609,W,9
2610,W,25
2611,W,33
2612,W,52
2613,W,65
2614,W,14
2615,W,98
2616,W,4
2617,W,40
2618,W,53
2619,W,61
2620,W,71
2621,W,70
2622,W,5
2623,W,39
2624,W,78
2625,W,90
2626,W,71
2627,W,4
2628,W,65
2629,W,48
2630,W,86
2631,W,81
2632,W,38
2633,W,87
2634,W,38
2635,W,65
2636,W,88
2637,W,70
2638,W,94
2639,W,57
2640,W,38
2641,W,60
2642,W,3
2643,W,62
2644,W,72
2645,W,89
2646,W,97
2647,W,4
2648,W,18
2649,W,4
2650,W,19
2651,W,66
2652,W,41
2653,W,93
2654,W,21
2655,W,38
2656,W,39
2657,W,14
2658,W,91
2659,W,15
2660,W,59
2661,W,75
2662,W,88
2663,W,26
2664,W,60
2665,W,47
2666,W,21
2667,W,75
2668,W,45
2669,W,87
2670,W,65
2671,W,68
2672,W,4
2673,W,96
2674,W,60
2675,W,70
2676,W,44
2677,W,90
2678,W,63
2679,W,77
2680,W,48
2681,W,41
2682,W,80
2683,W,46
2684,W,44
2685,W,72
2686,W,79
2687,W,28
2688,W,36
2689,W,14
2690,W,93
2691,W,5
2692,W,66
2693,W,91
2694,W,93
2695,W,79
2696,W,15
2697,W,58
2698,W,27
2699,W,6
2700,W,22
2701,W,26
2702,W,63
2703,W,30
2704,W,53
2705,W,73
2706,W,48
2707,W,90
2708,W,21
2709,W,70
2710,W,35
2711,W,86
2712,W,27
2713,W,4
2714,W,71
2715,W,50
2716,W,51
2717,W,30
2718,W,20
2719,W,5
2720,W,31
2721,W,37
2722,W,62
2723,W,83
2724,W,94
2725,W,45
2726,W,81
2727,W,56
2728,W,18
2729,W,78
2730,W,56
2731,W,19
2732,W,71
2733,W,94
2734,W,75
2735,W,7
2736,W,64
2737,W,21
2738,W,22
2739,W,30
2740,W,23
2741,W,30
2742,W,86
2743,W,6
2744,W,51
2745,W,21
2746,W,73
2747,W,54
2748,W,43
2749,W,93
2750,W,72
2751,W,15
2752,W,77
2753,W,85
2754,W,66
2755,W,92
2756,W,58
2757,W,25
2758,W,99
2759,W,100
2760,W,58
2761,W,43
2762,W,31
2763,W,21
2764,W,22
2765,W,16
2766,W,70
2767,W,96
2768,W,51
2769,W,70
2770,W,43
2771,W,18
2772,W,61
2773,W,1
2774,W,36
2775,W,78
2776,W,39
2777,W,11
2778,W,46
2779,W,69
2780,W,24
2781,W,90
2782,W,22
2783,W,84
2784,W,45
2785,W,51
2786,W,24
2787,W,38
2788,W,38
2789,W,98
2790,W,72
2791,W,84
2792,W,94
2793,W,26
2794,W,93
2795,W,54
2796,W,9
2797,W,8
2798,W,72
2799,W,93
2800,W,47
2801,W,60
2802,W,11
2803,W,33
2804,W,25
2805,W,65
2806,W,84
2807,W,42
2808,W,68
2809,W,39
2810,W,17
2811,W,100
2812,W,89
2813,W,88
2814,W,63
2815,W,68
2816,W,21
2817,W,34
2818,W,93
2819,W,98
2820,W,92
2821,W,77
2822,W,47
2823,W,63
2824,W,68
2825,W,55
2826,W,45
2827,W,79
2828,W,84
2829,W,45
2830,W,16
2831,W,17
2832,W,7
2833,W,40
2834,W,49
2835,W,31
2836,W,68
2837,W,14
2838,W,91
2839,W,25
2840,W,57
2841,W,13
2842,W,39
2843,W,70
2844,W,19
2845,W,64
2846,W,30
2847,W,13
2848,W,49
2849,W,7
2850,W,12
2851,W,31
2852,W,22
2853,W,49
2854,W,9
2855,W,7
2856,W,65
2857,W,53
2858,W,25
2859,W,91
2860,W,88
2861,W,68
2862,W,50
2863,W,49
2864,W,12
2865,W,6
2866,W,70
2867,W,57
2868,W,16
2869,W,90
2870,W,24
2871,W,8
2872,W,24
2873,W,36
2874,W,59
2875,W,60
2876,W,65
2877,W,18
2878,W,40
2879,W,60
2880,W,71
2881,W,34
2882,W,18
2883,W,15
2884,W,72
2885,W,11
2886,W,10
2887,W,77
2888,W,60
2889,W,73
2890,W,54
2891,W,31
2892,W,65
2893,W,68
2894,W,52
2895,W,37
2896,W,50
2897,W,74
2898,W,21
2899,W,83
2900,W,45
2901,W,15
2902,W,20
2903,W,74
2904,W,90
2905,W,57
2906,W,50
2907,W,6
2908,W,64
2909,W,57
2910,W,81
2911,W,4
2912,W,77
2913,W,30
2914,W,7
2915,W,75
2916,W,76
2917,W,19
2918,W,65
2919,W,32
2920,W,99
2921,W,19
2922,W,15
2923,W,22
2924,W,14
2925,W,74
2926,W,16
2927,W,56
2928,W,44
2929,W,43
2930,W,80
2931,W,49
2932,W,47
2933,W,73
2934,W,59
2935,W,57
2936,W,22
2937,W,88
2938,W,52
2939,W,12
2940,W,16
2941,W,2
2942,W,36
2943,W,59
2944,W,75
2945,W,56
2946,W,71
2947,W,46
2948,W,15
2949,W,56
2950,W,55
2951,W,34
2952,W,19
2953,W,58
2954,W,58
2955,W,6
2956,W,88
2957,W,62
2958,W,46
2959,W,39
2960,W,59
2961,W,37
2962,W,80
2963,W,78
2964,W,89
2965,W,1
2966,W,52
2967,W,66
2968,W,54
2969,W,20
2970,W,72
2971,W,77
2972,W,4
2973,W,89
2974,W,58
2975,W,42
2976,W,26
2977,W,39
2978,W,97
2979,W,85
2980,W,48
2981,W,3
2982,W,92
2983,W,71
2984,W,11
2985,W,3
2986,W,47
2987,W,57
2988,W,59
2989,W,11
2990,W,16
2991,W,6
2992,W,10
2993,W,10
2994,W,32
2995,W,51
2996,W,56
2997,W,47
2998,W,80
2999,W,56
3000,W,54
3001,R,81
3002,R,19
3003,R,129
3004,R,109
3005,R,49
3006,R,107
3007,W,24
3008,R,82
3009,R,5
3010,W,129
3011,W,199
3012,W,49
3013,W,28
3014,W,95
3015,R,52
3016,W,104
3017,W,122
3018,R,112
3019,W,47
3020,R,150
3021,R,146
3022,W,32
3023,W,128
3024,W,134
3025,W,92
3026,R,61
3027,W,27
3028,R,83
3029,W,86
3030,R,162
3031,W,133
3032,W,132
3033,W,69
3034,R,169
3035,W,30
3036,R,159
3037,R,187
3038,W,198
3039,W,174
3040,W,86
3041,R,63
3042,W,80
3043,R,129
3044,R,7
3045,R,186
3046,R,137
3047,R,141
3048,R,117
3049,R,174
3050,R,195
3051,R,177
3052,R,74
3053,W,111
3054,W,74
3055,W,134
3056,W,127
3057,W,179
3058,R,118
3059,R,159
3060,W,79
3061,W,59
3062,W,79
3063,R,138
3064,W,9
3065,R,186
3066,W,9
3067,W,77
3068,R,149
3069,R,178
3070,W,72
3071,W,100
3072,W,148
3073,R,76
3074,R,26
3075,W,23
3076,R,185
3077,W,38
3078,W,2
3079,W,78
3080,W,60
3081,R,156
3082,R,200
3083,R,119
3084,W,35
3085,W,49
3086,W,83
3087,R,139
3088,W,144
3089,R,12
3090,R,33
3091,R,134
3092,R,24
3093,R,62
3094,W,3
3095,R,142
3096,R,176
3097,R,144
3098,W,108
3099,R,97
3100,R,184
3101,R,87
3102,R,8
3103,W,9
3104,W,169
3105,W,114
3106,R,39
3107,R,73
3108,W,152
3109,R,168
3110,W,89
3111,R,150
3112,R,154
3113,R,11
3114,W,56
3115,R,128
3116,W,96
3117,R,33
3118,R,171
3119,R,80
3120,W,10
3121,W,23
3122,R,7
3123,R,162
3124,W,165
3125,R,54
3126,W,150
3127,W,42
3128,R,23
3129,R,129
3130,R,161
3131,W,112
3132,W,71
3133,W,82
3134,R,183
3135,R,70
3136,W,143
3137,W,41
3138,W,62
3139,W,118
3140,W,164
3141,R,127
3142,R,54
3143,R,126
3144,W,122
3145,R,44
3146,W,131
3147,W,149
3148,W,162
3149,R,134
3150,R,145
3151,R,173
3152,W,141
3153,W,108
3154,R,40
3155,W,97
3156,W,7
3157,R,76
3158,W,87
3159,W,141
3160,R,175
3161,W,122
3162,R,98
3163,W,3
3164,R,131
3165,W,18
3166,R,53
3167,W,58
3168,W,46
3169,W,107
3170,R,120
3171,W,118
3172,R,20
3173,W,131
3174,W,147
3175,W,5
3176,R,74
3177,W,71
3178,W,41
3179,W,14
3180,R,160
3181,R,74
3182,W,182
3183,R,121
3184,R,184
3185,W,186
3186,R,35
3187,R,91
3188,W,174
3189,R,88
3190,R,6
3191,R,65
3192,R,47
3193,R,102
3194,W,196
3195,W,169
3196,W,116
3197,W,48
3198,R,177
3199,W,142
3200,W,166
3201,R,101
3202,R,52
3203,R,171
3204,R,121
3205,W,126
3206,W,14
3207,W,76
3208,R,75
3209,R,187
3210,W,113
3211,R,170
3212,W,155
3213,R,66
3214,R,26
3215,R,197
3216,W,164
3217,R,145
3218,R,24
3219,W,1
3220,R,9
3221,R,1
3222,W,117
3223,R,107
3224,R,104
3225,W,187
3226,W,18
3227,R,99
3228,R,49
3229,W,116
3230,R,188
3231,R,90
3232,W,30
3233,R,26
3234,R,171
3235,R,107
3236,R,194
3237,W,62
3238,R,167
3239,W,195
3240,W,60
3241,R,113
3242,W,195
3243,R,146
3244,W,3
3245,W,97
3246,R,148
3247,W,25
3248,W,192
3249,W,195
3250,R,33
3251,W,11
3252,W,185
3253,W,200
3254,R,25
3255,R,94
3256,R,98
3257,R,98
3258,W,98
3259,R,65
3260,W,123
3261,W,189
3262,R,38
3263,R,45
3264,R,143
3265,R,120
3266,R,53
3267,W,46
3268,R,136
3269,W,83
3270,W,63
3271,R,169
3272,R,166
3273,R,73
3274,W,185
3275,W,165
3276,W,191
3277,R,133
3278,W,117
3279,R,36
3280,R,197
3281,R,166
3282,R,124
3283,W,64
3284,W,21
3285,W,52
3286,R,21
3287,W,136
3288,R,140
3289,W,98
3290,R,100
3291,R,114
3292,R,50
3293,W,140
3294,W,142
3295,W,160
3296,W,48
3297,W,56
3298,R,73
3299,R,61
3300,W,59
3301,R,22
3302,R,38
3303,R,199
3304,R,80
3305,R,18
3306,W,48
3307,W,180
3308,R,72
3309,R,142
3310,R,76
3311,R,134
3312,R,3
3313,W,194
3314,W,57
3315,R,65
3316,R,14
3317,W,190
3318,R,23
3319,W,170
3320,W,119
3321,R,68
3322,W,193
3323,R,191
3324,W,197
3325,R,48
3326,W,45
3327,W,35
3328,R,42
3329,R,41
3330,W,88
3331,R,200
3332,W,3
3333,W,127
3334,W,28
3335,W,100
3336,W,100
3337,W,141
3338,W,51
3339,R,167
3340,R,165
3341,R,118
3342,R,139
3343,W,73
3344,R,81
3345,W,57
3346,R,193
3347,R,134
3348,W,28
3349,R,158
3350,R,88
3351,R,43
3352,W,106
3353,W,168
3354,W,65
3355,W,200
3356,R,157
3357,W,2
3358,W,98
3359,W,125
3360,W,101
3361,R,188
3362,R,177
3363,W,182
3364,R,62
3365,R,118
3366,R,16
3367,R,17
3368,W,199
3369,W,9
3370,W,32
3371,W,173
3372,W,79
3373,W,114
3374,R,103
3375,R,131
3376,R,64
3377,W,112
3378,R,180
3379,W,78
3380,R,110
3381,W,123
3382,R,191
3383,W,20
3384,R,191
3385,R,197
3386,W,140
3387,R,4
3388,W,9
3389,R,130
3390,R,198
3391,W,23
3392,W,128
3393,R,49
3394,W,150
3395,W,200
3396,W,23
3397,W,194
3398,R,74
3399,W,118
3400,R,164
3401,W,159
3402,W,168
3403,R,151
3404,R,38
3405,R,61
3406,R,115
3407,R,37
3408,W,168
3409,R,122
3410,W,138
3411,W,130
3412,R,101
3413,W,86
3414,W,197
3415,W,52
3416,W,99
3417,W,76
3418,R,105
3419,W,67
3420,R,170
3421,W,31
3422,R,33
3423,R,72
3424,W,108
3425,R,103
3426,R,76
3427,W,190
3428,R,68
3429,W,19
3430,R,100
3431,R,131
3432,R,185
3433,W,15
3434,W,170
3435,R,21
3436,R,170
3437,R,29
3438,W,197
3439,R,110
3440,R,72
3441,W,69
3442,W,66
3443,W,41
3444,W,121
3445,R,118
3446,R,130
3447,R,5
3448,W,177
3449,W,76
3450,W,57
3451,W,127
3452,W,16
3453,W,122
3454,R,2
3455,W,33
3456,R,73
3457,W,7
3458,W,62
3459,W,47
3460,R,30
3461,R,147
3462,R,76
3463,R,15
3464,W,119
3465,R,144
3466,W,23
3467,R,30
3468,W,58
3469,W,147
3470,W,5
3471,R,7
3472,W,177
3473,W,50
3474,R,4
3475,R,92
3476,R,161
3477,W,5
3478,W,53
3479,W,148
3480,R,127
3481,W,38
3482,W,59
3483,R,150
3484,W,170
3485,W,99
3486,W,90
3487,W,122
3488,W,78
3489,R,80
3490,W,50
3491,W,76
3492,R,21
3493,W,32
3494,W,130
3495,W,130
3496,W,109
3497,W,3
3498,W,159
3499,W,3
3500,W,14
3501,R,54
3502,R,173
3503,R,191
3504,W,163
3505,R,16
3506,W,10
3507,R,163
3508,R,46
3509,W,104
3510,R,127
3511,R,68
3512,R,101
3513,R,170
3514,W,56
3515,R,192
3516,W,153
3517,R,105
3518,R,153
3519,R,194
3520,R,156
3521,W,164
3522,R,24
3523,W,197
3524,R,128
3525,W,138
3526,W,64
3527,R,125
3528,W,68
3529,R,175
3530,W,65
3531,R,3
3532,W,56
3533,R,151
3534,R,42
3535,W,151
3536,R,109
3537,W,40
3538,R,2
3539,W,22
3540,R,191
3541,W,162
3542,W,112
3543,W,171
3544,W,181
3545,W,87
3546,W,55
3547,R,183
3548,R,181
3549,W,77
3550,W,70
3551,R,122
3552,R,58
3553,W,128
3554,R,90
3555,W,145
3556,R,48
3557,R,19
3558,R,3
3559,R,80
3560,W,67
3561,R,38
3562,R,198
3563,W,79
3564,W,85
3565,W,118
3566,R,39
3567,R,103
3568,W,183
3569,W,41
3570,R,12
3571,W,68
3572,R,197
3573,R,97
3574,W,95
3575,W,26
3576,W,188
3577,W,38
3578,W,74
3579,R,41
3580,W,101
3581,W,30
3582,W,162
3583,W,90
3584,R,81
3585,R,23
3586,W,93
3587,W,169
3588,W,116
3589,W,192
3590,R,94
3591,W,123
3592,R,60
3593,R,173
3594,W,198
3595,R,47
3596,W,160
3597,W,186
3598,R,18
3599,R,175
3600,W,43
3601,R,117
3602,R,145
3603,R,85
3604,W,136
3605,R,45
3606,W,125
3607,W,152
3608,W,37
3609,W,127
3610,W,39
3611,W,54
3612,W,170
3613,W,125
3614,W,12
3615,W,97
3616,W,145
3617,W,47
3618,W,84
3619,W,156
3620,W,117
3621,W,164
3622,W,119
3623,W,149
3624,W,180
3625,W,159
3626,W,32
3627,W,194
3628,W,47
3629,W,188
3630,W,172
3631,W,38
3632,W,95
3633,W,145
3634,W,17
3635,W,178
3636,W,7
3637,W,16
3638,W,153
3639,W,70
3640,W,78
3641,W,105
3642,W,110
3643,W,111
3644,W,147
3645,W,90
3646,W,101
3647,W,40
3648,W,33
3649,W,176
3650,W,13
3651,W,91
3652,W,186
3653,W,165
3654,W,87
3655,W,111
3656,W,150
3657,W,162
3658,W,197
3659,W,9
3660,W,3
3661,W,3
3662,W,52
3663,W,116
3664,W,11
3665,W,152
3666,W,84
3667,W,147
3668,W,163
3669,W,64
3670,W,60
3671,W,171
3672,W,16
3673,W,117
3674,W,8
3675,W,100
3676,W,161
3677,W,52
3678,W,21
3679,W,182
3680,W,98
3681,W,108
3682,W,57
3683,W,174
3684,W,149
3685,W,52
3686,W,109
3687,W,112
3688,W,152
3689,W,198
3690,W,172
3691,W,4
3692,W,171
3693,W,80
3694,W,51
3695,W,91
3696,W,129
3697,W,16
3698,W,1
3699,W,32
3700,W,84
3701,W,61
3702,W,110
3703,W,153
3704,W,186
3705,W,178
3706,W,5
3707,W,132
3708,W,132
3709,W,36
3710,W,123
3711,W,61
3712,W,179
3713,W,160
3714,W,199
3715,W,92
3716,W,140
3717,W,120
3718,W,162
3719,W,121
3720,W,155
3721,W,149
3722,W,102
3723,W,10
3724,W,128
3725,W,115
3726,W,193
3727,W,184
3728,W,86
3729,W,34
3730,W,32
3731,W,176
3732,W,25
3733,W,160
3734,W,198
3735,W,197
3736,W,141
3737,W,185
3738,W,140
3739,W,152
3740,W,195
3741,W,82
3742,W,8
3743,W,82
3744,W,86
3745,W,7
3746,W,136
3747,W,14
3748,W,71
3749,W,82
3750,W,110
3751,W,146
3752,W,174
3753,W,149
3754,W,35
3755,W,36
3756,W,2
3757,W,139
3758,W,93
3759,W,102
3760,W,197
3761,W,141
3762,W,139
3763,W,52
3764,W,171
3765,W,177
3766,W,93
3767,W,42
3768,W,57
3769,W,74
3770,W,126
3771,W,136
3772,W,63
3773,W,101
3774,W,52
3775,W,152
3776,W,184
3777,W,135
3778,W,172
3779,W,44
3780,W,31
3781,W,49
3782,W,120
3783,W,162
3784,W,10
3785,W,134
3786,W,58
3787,W,33
3788,W,48
3789,W,177
3790,W,184
3791,W,171
3792,W,108
3793,W,42
3794,W,104
3795,W,187
3796,W,57
3797,W,135
3798,W,98
3799,W,134
3800,W,93
3801,W,53
3802,W,35
3803,W,179
3804,W,128
3805,W,182
3806,W,70
3807,W,157
3808,W,156
3809,W,57
3810,W,50
3811,W,85
3812,W,76
3813,W,191
3814,W,65
3815,W,170
3816,W,190
3817,W,41
3818,W,124
3819,W,82
3820,W,147
3821,W,109
3822,W,185
3823,W,64
3824,W,100
3825,W,128
3826,W,151
3827,W,14
3828,W,52
3829,W,75
3830,W,182
3831,W,114
3832,W,122
3833,W,184
3834,W,42
3835,W,178
3836,W,181
3837,W,68
3838,W,167
3839,W,49
3840,W,112
3841,W,100
3842,W,187
3843,W,66
3844,W,93
3845,W,137
3846,W,120
3847,W,1
3848,W,180
3849,W,38
3850,W,25
3851,W,127
3852,W,51
3853,W,198
3854,W,57
3855,W,124
3856,W,28
3857,W,113
3858,W,49
3859,W,132
3860,W,196
3861,W,165
3862,W,1
3863,W,109
3864,W,71
3865,W,46
3866,W,36
3867,W,133
3868,W,151
3869,W,80
3870,W,22
3871,W,21
3872,W,28
3873,W,41
3874,W,158
3875,W,34
3876,W,83
3877,W,170
3878,W,38
3879,W,144
3880,W,1
3881,W,4
3882,W,168
3883,W,191
3884,W,103
3885,W,189
3886,W,112
3887,W,56
3888,W,133
3889,W,34
3890,W,38
3891,W,127
3892,W,16
3893,W,52
3894,W,3
3895,W,40
3896,W,166
3897,W,93
3898,W,72
3899,W,3
3900,W,149
3901,W,138
3902,W,124
3903,W,9
3904,W,186
3905,W,168
3906,W,173
3907,W,158
3908,W,134
3909,W,192
3910,W,19
3911,W,79
3912,W,16
3913,W,173
3914,W,34
3915,W,139
3916,W,111
3917,W,10
3918,W,118
3919,W,116
3920,W,71
3921,W,14
3922,W,30
3923,W,5
3924,W,33
3925,W,177
3926,W,91
3927,W,82
3928,W,100
3929,W,30
3930,W,71
3931,W,197
3932,W,185
3933,W,137
3934,W,129
3935,W,141
3936,W,72
3937,W,88
3938,W,77
3939,W,94
3940,W,37
3941,W,44
3942,W,110
3943,W,21
3944,W,23
3945,W,94
3946,W,190
3947,W,163
3948,W,149
3949,W,28
3950,W,146
3951,W,191
3952,W,193
3953,W,179
3954,W,200
3955,W,86
3956,W,6
3957,W,164
3958,W,193
3959,W,196
3960,W,68
3961,W,57
3962,W,1
3963,W,82
3964,W,176
3965,W,158
3966,W,108
3967,W,16
3968,W,150
3969,W,178
3970,W,57
3971,W,9
3972,W,41
3973,W,53
3974,W,152
3975,W,91
3976,W,63
3977,W,105
3978,W,157
3979,W,70
3980,W,47
3981,W,92
3982,W,60
3983,W,18
3984,W,100
3985,W,106
3986,W,108
3987,W,171
3988,W,121
3989,W,60
3990,W,95
3991,W,78
3992,W,140
3993,W,117
3994,W,38
3995,W,75
3996,W,101
3997,W,113
3998,W,142
3999,W,74
